ID de l'activit√©,Date de l'activit√©,Nom de l'activit√©,Type d'activit√©,Description de l'activit√©,Temps √©coul√©,Distance,Fr√©quence cardiaque max.,Effort relatif,D√©placement-transport,Note priv√©e sur les activit√©s,Mat√©riel utilis√© pour l'activit√©,Nom du fichier,Poids de l'athl√®te,Poids du v√©lo,Temps √©coul√©,Dur√©e de d√©placement,Distance,Vitesse max.,Vitesse moyenne,D√©nivel√© positif,D√©nivel√© n√©gatif,Altitude min.,Altitude max.,Pente max.,Pente moyenne,Pente positive moyenne,Pente n√©gative moyenne,Cadence max.,Cadence moyenne,Fr√©quence cardiaque max.,Fr√©quence cardiaque moyenne,Puissance max.,Puissance moyenne,Calories,Temp√©rature max.,Temp√©rature moyenne,Effort relatif,Effort total,Nombre de sorties course √† pied,Temps de mont√©e,Temps de descente,Autres temps,Effort ressenti,Type,Heure de d√©but,Puissance moyenne pond√©r√©e,Nombre d'√©chantillons de puissance,Utiliser l'Effort ressenti,Effort relatif ressenti,D√©placement-transport,Poids total soulev√©,√Ä partir du t√©l√©chargement,Distance ajust√©e selon la pente,Heure d'observation de la m√©t√©o,Conditions m√©t√©o,Temp√©rature selon les pr√©visions m√©t√©o,Temp√©rature ressentie,Point de ros√©e,Humidit√©,Pression atmosph√©rique,Vitesse du vent,Rafale de vent,Direction du vent,Intensit√© des pr√©cipitations,Heure de lever du soleil,Heure de coucher du soleil,Phase de la lune,V√©lo,Mat√©riel,Probabilit√© de pr√©cipitations,Type de pr√©cipitations,Couverture nuageuse,Visibilit√© selon les pr√©visions m√©t√©o,Indice UV,Ozone selon les pr√©visions m√©t√©o,Nombre de sauts,Grit total,Flow moyen,Signal√©,Vitesse moyenne (temps √©coul√©),Distance sur chemin,Distance r√©cemment d√©couverte,Distance sur chemin r√©cemment d√©couverte,Nombre d'activit√©s,Nombre total de pas,CO2 √©conomis√©,Longueur de piscine,Charge d‚Äôentra√Ænement,Intensit√©,Vitesse moyenne ajust√©e selon la pente,Temps enregistr√© par le chronom√®tre,Nombre total de cycles,R√©cup√©ration,Avec mon animal de compagnie,Comp√©tition,Sortie longue,Pour la bonne cause,Support
3960654435,"24 ao√ªt 2020, 10:12:15","Sortie √† v√©lo Lausanne con, Sib Jac, Eli",V√©lo,"",34945,"109,47",,,false,,,activities/3960654435.gpx,,,34945.0,16370.0,109473.8,17.1,6.687,539.1,548.3,374.9,415.5,19.3,0.0,,,,,,,,,,,,,,,,,,3.0,,,,,0.0,136.0,0.0,,1.0,,,,,,,,,,,,,,,,,,,,,,,,,,,,,,,,,,,,,,,,,,,,,,""
3974782948,"27 ao√ªt 2020, 19:35:34",Fast,V√©lo,,1440,"11,27",,,false,,,activities/3974782948.gpx,,,1440.0,1410.0,11275.9,15.3,7.997,65.4,168.4,375.7,479.5,39.3,-0.9,,,,,,,,,,,,,,,,,,2.0,,,,,0.0,6.0,0.0,,1.0,,,,,,,,,,,,,,,,,,,,,,,,,,,,,,,,,,,,,,,,,,,,,,""
4048728180,"12 sept. 2020, 10:42:45",Cabane Moiry avec Sib,Randonn√©e,,12077,"4,74",,,false,,,activities/4048728180.gpx,,,12077.0,4533.0,4741.0,3.0,1.046,353.2,477.9,2358.3,2802.6,50.0,-2.6,,,,,,,,,,,,,,,,,,3.0,,,,,0.0,37.0,0.0,,1.0,,,,,,,,,,,,,,,,,,,,,,,,,,,,,,,,,,,,,,,,,,,,,,""
4225307757,"21 oct. 2020, 12:12:39",Via de Nax avec sib,Escalade,,3870,"0,55",,,false,,,activities/4225307757.gpx,,,3870.0,773.0,549.7,1.5,0.711,232.4,84.2,1015.0,1167.7,50.0,27.0,,,,,,,,,,,,,,,,,,,,,,,0.0,,0.0,,1.0,,,,,,,,,,,,,,,,,,,,,,,,,,,,,,,,,,,,,,,,,,,,,,""
4359067131,"17 nov. 2020, 10:26:20",Randonn√©e le midi,Randonn√©e,,15160,"8,01",,,false,,,activities/4359067131.fit,,,15160.0,6500.0,8009.1,3.6,1.232,477.2,517.8,1006.7,1479.8,48.9,-0.5,,,,,,,,,,,,,,,,,,,,,,,,,0.0,,1.0,,,,,,,,,,,,,,,,,,,,,,,,,,,,,,,,,,,,,,,,,,,,,,""
4375291156,"22 nov. 2020, 10:33:16",Mont√©e Niesen,Randonn√©e,"",14578,"8,50",,,false,,,activities/4375291156.gpx,,,14578.0,7779.0,8501.9,4.8,1.093,681.8,767.1,1617.2,2319.2,49.4,-1.0,,,,,,,,,,,,,,,,,,3.0,,,,,0.0,64.0,0.0,,1.0,,,,,,,,,,,,,,,,,,,,,,,,,,,,,,,,,,,,,,,,,,,,,,""
4583216476,"7 janv. 2021, 15:27:34",Activit√© l'apr√®s-midi,Ski nordique,,4578,"7,00",,,false,,,activities/4583216476.fit,,,4578.0,4229.0,7002.6,6.9,1.656,130.1,119.2,1200.0,1256.6,29.1,0.2,,,,,,,,,,,,,,,,,,,,,,,,,0.0,,1.0,,,,,,,,,,,,,,,,,,,,,,,,,,,,,,,,,,,,,,,,,,,,,,""
4699922521,"29 janv. 2021, 11:25:53",Petit tour en ski de rando avec Sibylle,Ski de randonn√©e,"Putain de danger d'avalanche 5, on a faillit passer sous une d√©clench√©e par un h√©lico..",11655,"8,92",,,false,,,activities/4699922521.gpx,,,11655.0,7837.0,8925.1,14.0,1.139,324.7,570.1,1731.6,2276.5,46.9,-2.7,,,,,,,,,,,,,,,,,,,,,,,0.0,,0.0,,1.0,,,,,,,,,,,,,,,,,,,,,,,,,,,,,,,,,,,,,,,,,,,,,,media/42e00f37-af96-47c4-9dd5-e74ba5c6c2a3.jpg|media/c2583c16-b628-4f2f-8b3d-14b6a17a3b29.jpg
4755339539,"8 f√©vr. 2021, 15:18:58",Tout shuss,Ski alpin,,138,"1,49",,,false,,,activities/4755339539.gpx,,,138.0,138.0,1493.0,23.8,10.819,0.0,319.1,1411.8,1732.8,18.7,-21.4,,,,,,,,,,,,,,1,,,,,,,,,0.0,,0.0,,1.0,,,,,,,,,,,,,,,,,,,,,,,,,,,,,,,,,,,,,,,,,,,,,,""
4791132383,"15 f√©vr. 2021, 10:54:17",Rando+grosse luge √† Grindelwald mit SIBYLLE,Randonn√©e,"",12584,"18,28",,,false,,,activities/4791132383.gpx,,,12584.0,9223.0,18281.0,15.1,1.982,576.0,1544.4,1187.2,2630.4,48.1,-5.3,,,,,,,,,,,,,,,,,,4.0,,,,,0.0,102.0,0.0,,1.0,,,,,,,,,,,,,,,,,,,,,,,,,,,,,,,,,,,,,,,,,,,,,,media/1f4897f7-899d-4b8a-8eea-eb6951b985bf.jpg
4850162358,"25 f√©vr. 2021, 21:59:01",Go chez sib,V√©lo,,516,"3,57",,,false,,,activities/4850162358.gpx,,,516.0,516.0,3576.6,11.9,6.931,38.1,7.7,395.1,428.4,12.7,0.8,,,,,,,,,,,,,,,,,,,,,,,0.0,,0.0,,1.0,,,,,,,,,,,,,,,,,,,,,,,,,,,,,,,,,,,,,,,,,,,,,,""
4934298809,"12 mars 2021, 12:12:00",Rando jusqu'au Touno avec sib qui m'a rejoint au prilet,Ski de randonn√©e,,9925,"5,95",,,false,,,activities/4934298809.gpx,,,9925.0,6194.0,5958.9,5.9,0.962,592.5,52.1,1971.8,2515.1,49.6,9.1,,,,,,,,,,,,,,,,,,4.0,,,,,0.0,68.0,0.0,,1.0,,,,,,,,,,,,,,,,,,,,,,,,,,,,,,,,,,,,,,,,,,,,,,media/5a1cd1da-4c47-44da-b7fc-74702bf3ba29.jpg
4956215891,"13 mars 2021, 10:30:07",Activit√© le midi,Ski de randonn√©e,,10765,"2,52",,,false,,,activities/4956215891.fit,,,10765.0,254.0,2524.5,13.5,9.939,294.1,325.6,2650.8,2826.2,41.7,-1.2,,,,,,,,,,,,,,,,,,,,,,,,,0.0,,1.0,,,,,,,,,,,,,,,,,,,,,,,,,,,,,,,,,,,,,,,,,,,,,,""
5002093457,"24 mars 2021, 12:03:39",Sport relou avec sib,Ski nordique,,6340,"7,69",,,false,,,activities/5002093457.gpx,,,6340.0,3535.0,7698.8,10.8,2.178,167.7,204.9,1249.3,1316.0,33.3,-0.5,,,,,,,,,,,,,,,,,,2.0,,,,,0.0,16.0,0.0,,1.0,,,,,,,,,,,,,,,,,,,,,,,,,,,,,,,,,,,,,,,,,,,,,,media/5221843c-e845-468d-af0e-1a39814358ba.jpg|media/34a38424-6095-462f-958c-3127974adeb2.jpg
5230633078,"2 mai 2021, 11:33:11",Rando du Fion au lac de taney,Randonn√©e,"",11861,"5,93",,,false,,,activities/5230633078.gpx,,,11861.0,5796.0,5936.8,2.8,1.024,394.1,396.5,1075.6,1441.5,44.2,0.0,,,,,,,,,,,,,,,,,,2.0,,,,,0.0,27.0,0.0,,1.0,,,,,,,,,,,,,,,,,,,,,,,,,,,,,,,,,,,,,,,,,,,,,,media/da18fa9d-427b-4606-8c64-1ca8f11762a7.jpg|media/e61fb4c7-7a6b-4346-8219-bc8368a45ecf.jpg|media/60c84a57-31a7-48a0-81aa-7e25669e666e.jpg
5405113100,"2 juin 2021, 10:45:52",Marche le midi,Marche,,14458,"11,49",,,false,,,activities/5405113100.gpx,,,14458.0,9463.0,11497.1,15.2,1.215,349.6,350.0,711.2,974.6,48.2,0.0,,,,,,,,,,,,,,,,,,,,,,,,,0.0,,1.0,,,,,,,,,,,,,,,,,,,,,,,,,,,,,,,,,,,,,,,,,,,,,,""
5418600275,"5 juin 2021, 07:51:42",Marche matinale,Marche,,21473,"16,58",,,false,,,activities/5418600275.gpx,,,21473.0,15228.0,16583.3,5.8,1.089,904.0,905.6,1283.4,2125.4,48.1,0.0,,,,,,,,,,,,,,,,,,,,,,,,,0.0,,1.0,,,,,,,,,,,,,,,,,,,,,,,,,,,,,,,,,,,,,,,,,,,,,,""
5502254507,"18 juin 2021, 12:37:31",On v√©lotte √† l'√Æle de R√©,V√©lo,"",4099,"33,46",,,false,,,activities/5502254507.fit,,,4099.0,4099.0,33467.6,12.3,8.165,38.6,34.2,0.8,13.9,2.7,0.0,,,,,,,,,,,,,,,,,,,,,,,0.0,,0.0,,1.0,,,,,,,,,,,,,,,,,,,,,,,,,,,,,,,,,,,,,,,,,,,,,,""
5538394119,"27 juin 2021, 13:27:59",Retour √† v√©lo apr√®s une ballade au lac de vallon,V√©lo,,5149,"37,99",,,false,,,activities/5538394119.gpx,,,5149.0,5078.0,37991.9,15.6,7.482,113.7,913.6,396.2,1223.7,11.1,-2.1,,,,,,,,,,,,,,,,,,1.0,,,,,0.0,11.0,0.0,,1.0,,,,,,,,,,,,,,,,,,,,,,,,,,,,,,,,,,,,,,,,,,,,,,media/63214513-02a3-42b7-ae95-aa598ea13470.jpg
5600364826,"9 juil. 2021, 12:54:00",Sal√®ve up and down,Randonn√©e,"Je suis un gros tas, faut bien que je fasse du sport ü§∑üèº‚Äç‚ôÇÔ∏è",11550,"11,81",,,false,,,activities/5600364826.gpx,,,11550.0,8264.0,11814.2,4.9,1.43,771.5,767.5,477.1,1210.8,50.0,0.0,,,,,,,,,,,,,,,,,,4.0,,,,,0.0,91.0,0.0,,1.0,,,,,,,,,,,,,,,,,,,,,,,,,,,,1.023,,,,,,,,,,,,,,,,,,media/2be48bf4-e580-4bed-9015-09ead461204e.jpg|media/a563e299-9cd9-4f78-b68d-654e5febacf6.jpg
5702116202,"28 juil. 2021, 16:57:56",On va chercher les bagnoles,Marche,,4953,"7,04",,,false,,,activities/5702116202.gpx,,,4953.0,4729.0,7045.5,6.1,1.49,78.5,80.0,1.4,72.2,14.7,0.0,,,,,,,,,,,,,,,,,,,,,,,0.0,,0.0,,1.0,,1627488000.0,1.0,30.1,32.4,20.6,0.57,1013.0,3.7,3.8,185.0,0.0,1627443840.0,1627496832.0,0.66,,,0.0,,0.15,16093.0,1.0,309.6,,,,,1.422,,,,,,,,,,,,,,,,,,media/d7532ae6-bece-4ef4-97c7-5949a76b4af7.jpg|media/c13f520c-741d-402e-8065-1bbbbf6f1d57.jpg|media/871e8982-67cb-4a22-a59d-ccb5275d53a8.jpg
5893271376,"2 sept. 2021, 12:42:30",Rando de venerazza √† corniglia,Randonn√©e,,3562,"3,46",,,false,,,activities/5893271376.gpx,,,3562.0,2937.0,3459.5,4.3,1.178,229.1,144.4,13.3,223.6,49.5,2.4,,,,,,,,,,,,,,,,,,3.0,,,,,0.0,24.0,0.0,,1.0,,,,,,,,,,,,,,,,,,,,,,,,,,,,0.971,,,,,,,,,,,,,,,,,,media/ae584325-e0d2-46eb-8011-200bd67101b7.jpg|media/1da384a6-151e-436f-b5f6-54079d25bc97.jpg|media/3ea2a0ab-e33d-4884-a706-3f31cad77e11.jpg
5965848226,"15 sept. 2021, 10:34:30",Petite ballade du dimanche,V√©lo,,12449,"32,07",,,false,,,activities/5965848226.gpx,,,12449.0,5561.0,32071.4,15.1,5.767,266.3,878.2,383.4,997.0,8.5,-1.9,,,,,,,,,,,,,,,,,,,,,,,0.0,,0.0,,1.0,,,,,,,,,,,,,,,,,,,,,,,,,,,0.0,2.576,,,,,,,,,,,,,,,,,,media/391048c3-bfed-42ec-8dfa-8021189a9270.jpg|media/36fa863d-1dae-4372-a188-cc0aa3c7557e.jpg|media/8865c8bc-69ac-4424-b6af-8ab50dea75aa.jpg
6164461003,"25 oct. 2021, 11:42:53",Sortie √† v√©lo l'apr√®s-midi,V√©lo,,7388,"11,68",,,false,,,activities/6164461003.fit,,,7388.0,5250.0,11685.5,10.446,2.226,440.0,471.9,1703.2,2172.6,39.1,-0.3,,,,,,,,,,,,,,,,,,,,,,,,,0.0,,1.0,,,,,,,,,,,,,,,,,,,,,,,,,,,0.0,1.582,8750.6,,,,,,,,,,,,,,,,,""
6169503776,"26 oct. 2021, 08:09:20",Marche matinale,Marche,,12590,"10,18",,,false,,,activities/6169503776.fit,,,12590.0,8989.0,10182.4,14.944,1.133,120.7,760.8,1509.1,2193.5,21.4,-6.3,,,,,,,,,,,,,,,,,,,,,,,,,0.0,,1.0,,,,,,,,,,,,,,,,,,,,,,,,,,,0.0,0.809,8979.2,,,,,,,,,,,,,,,,,""
6610049965,"31 janv. 2022, 11:11:08",Froid,Ski de randonn√©e,,10823,"3,11",,,false,,,activities/6610049965.gpx,,,10823.0,4055.0,3111.3,3.54,0.767,784.0,4.1,1439.0,2227.5,50.0,25.1,,,,,,,,,,,,,,,,,,2.0,,,,,0.0,19.0,0.0,,1.0,,,,,,,,,,,,,,,,,,,,,,,,,,,0.0,0.287,874.8,,,,,,,,,,,,,,,,,media/cc6f1042-2ff1-4899-8b9a-a556a52e29ed.jpg|media/09a2d4f4-9825-4298-bc54-35d1bfe65bcb.jpg|media/2334ddf0-d949-422c-9c73-895d2476385f.jpg|media/7b4812e5-d898-4cc9-bb1e-30a18047d434.jpg
6661498955,"10 f√©vr. 2022, 11:00:56",Le tour des Becs du Bosson avec ma schtroumpfette,Ski de randonn√©e,"",14855,"10,98",,,false,,,activities/6661498955.gpx,,,14855.0,5522.0,10983.3,20.576,1.989,449.6,1740.0,1579.2,2972.1,49.9,-11.7,,,,,,,,,,,,,,,,,,2.0,,,,,0.0,26.0,0.0,,1.0,,,,,,,,,,,,,,,,,,,,,,,,,,,0.0,0.739,7480.9,,,,,,,,,,,,,,,,,media/b583d143-7c6b-4e71-b155-ef6b6f98fd43.jpg|media/9d886019-84c9-4f13-acc0-dd335b8900ff.jpg|media/001fe9a5-4286-480f-933e-c016d9683983.jpg|media/2d25d5ff-0ae2-4123-bf60-3eb5eae19e65.jpg|media/f2147e09-e33a-4d6b-8c47-59bcc154c364.jpg
6707367585,"19 f√©vr. 2022, 14:34:44",Sal√®ve en VTT √©lectrique,V√©lo √©lectrique,"",8349,"30,41",,,false,,,activities/6707367585.fit,,,8349.0,6326.0,30415.8,14.108,4.808,955.0,954.8,403.9,1283.9,49.1,0.0,,,,,,,,,,,,,,,,,,,,,,,0.0,,0.0,,1.0,,,,,,,,,,,,,,,,,,,,,,,,,,,0.0,3.643,7937.0,,,,,,,,,,,,,,,,,""
6991672919,"16 avr. 2022, 14:12:45",Du Bateau √† la voiture,V√©lo,,3253,"19,39",,,false,,,activities/6991672919.gpx,,,3253.0,3229.0,19398.2,16.023,6.007,151.6,147.2,172.5,207.2,11.3,0.0,,,,,,,,,,,,,,,,,,,,,,,0.0,,0.0,,1.0,,,,,,,,,,,,,,,,,,,,,,,,,,,0.0,5.963,264.1,,,,,,,,,,,,,,,,,""
7291870493,"11 juin 2022, 14:22:24",La ballade du dimanche un samedi,V√©lo √©lectrique,,6733,"14,80",,,false,,,activities/7291870493.gpx,,,6733.0,4017.0,14806.2,14.587,3.686,492.9,667.3,1167.6,1796.0,45.8,-1.2,,,,,,,,,,,,,,,,,,,,,,,0.0,,0.0,,1.0,,,,,,,,,,,,,,,,,,,,,,,,,,,0.0,2.199,14666.5,,,,,,,,,,,,,,,,,media/a712139c-b0b7-409a-9a82-8a93b321a99b.jpg|media/5f815f2a-4402-4d01-b489-ce2ad519b390.jpg
7364732414,"25 juin 2022, 07:28:04",Tour √† v√©lo en Bourgogne au bord du canal,V√©lo,,7715,"41,32",,,false,,,activities/7364732414.gpx,,,7715.0,6285.0,41319.3,14.922,6.574,326.7,385.2,240.9,455.4,26.7,-0.1,,,,,,,,,,,,,,,,,,3.0,,,,,0.0,52.0,0.0,,1.0,,,,,,,,,,,,,,,,,,,,,,,,,,,0.0,5.356,0.0,,,,,,,,,,,,,,,,,media/cdd1eab1-c755-4e24-b18d-6c5d7ea0a6c9.jpg|media/600ecac3-96ca-49de-a9ff-7b5f37d49087.jpg|media/2747f45d-a0f2-4449-8028-51233a2b055f.jpg
7433860364,"8 juil. 2022, 05:39:15",Rando des 5 lac deuxi√®me partie,Randonn√©e,,7859,"8,78",,,false,,,activities/7433860364.gpx,,,7859.0,6392.0,8782.1,3.572,1.374,39.5,767.6,1608.0,2336.1,41.3,-8.3,,,,,,,,,,,,,,,,,,,,,,,0.0,,0.0,,1.0,,,,,,,,,,,,,,,,,,,,,,,,,,,0.0,1.117,8078.4,,,,,,,,,,,,,,,,,media/55b19818-fcf5-463d-b7b3-e431e3148ce5.jpg|media/94383342-ef01-4cba-bdec-3c1947b465be.jpg|media/3ab3f5c3-005e-431c-84a6-7fd241642157.jpg|media/c29d1540-303e-4a12-afb8-8734ad146ab7.jpg
7446409891,"10 juil. 2022, 08:45:46",Rando vers le lac de Louch√©,Randonn√©e,,20864,"16,52",,,false,,,activities/7446409891.gpx,,,20864.0,14131.0,16527.3,5.697,1.17,606.8,1042.7,1862.1,2571.3,43.2,-2.6,,,,,,,,,,,,,,,,,,,,,,,0.0,,0.0,,1.0,,,,,,,,,,,,,,,,,,,,,,,,,,,0.0,0.792,16433.7,,,,,,,,,,,,,,,,,media/8bb2b0df-6f4d-4287-a199-b58cbcbcea99.jpg
7802991422,"13 sept. 2022, 14:15:33",Tignousa-Gruben,Randonn√©e,Well j'√©tais sens√© camper en haut mais la rando √©tait plus courte que pr√©vue du coup je l'ai faite d'un seul coup,13271,"12,28",,,false,,,activities/7802991422.gpx,,,13271.0,10341.0,12280.8,3.128,1.188,655.0,981.1,1824.1,2765.3,47.5,-2.7,,,,,,,,,,,,,,,,,,4.0,,,,,0.0,114.0,0.0,,1.0,,,,,,,,,,,,,,,,,,,,,,,,,,,0.0,0.925,12280.8,,,,,,,,,,,,,,,,,media/4534e10d-6c3a-4047-8856-404c4784a78f.jpg|media/eed4ca24-5eb8-4615-b801-4646314a9cc8.jpg|media/fc139ed2-98b8-45d8-9f16-76f860e3e996.jpg|media/e4577c15-2419-4d2f-a2aa-233a5dc6e30f.jpg|media/01d97b35-594d-4160-990b-30a3da40eed3.jpg|media/0dc1bb24-f292-4ef0-83ea-b14b7fbba25c.jpg|media/541172fe-4910-4e54-9811-9457ee25f1a3.jpg|media/3fb41696-2668-486f-acd4-92b761e2e589.jpg
7829696621,"18 sept. 2022, 15:03:07",Sortie v√©lo dans l'apr√®s-midi,V√©lo,"",3061,"20,02",,,false,,,activities/7829696621.fit,,,3061.0,2857.0,20019.6,18.658,7.007,121.2,728.6,398.9,1086.3,17.3,-3.0,,,,,,,,,,,,,,,,,,,,,,,0.0,,0.0,,1.0,,,,,,,,,,,,,,,,,,,,,,,,,,,0.0,6.54,117.0,,,,,,,,,,,,,,,,,media/2bc571be-0826-4c05-b9f5-29029a5ffc72.jpg|media/13f40d94-0bcf-480c-b2ab-74d01efd4908.jpg
7830523202,"18 sept. 2022, 12:50:08",Sortie v√©lo dans l'apr√®s-midi,V√©lo,,3440,"6,82",,,false,,,activities/7830523202.fit,,,3440.0,3180.0,6823.2,7.33,2.146,681.2,-0.2,477.8,1159.4,50.0,10.0,,,,,,,,,,,,,,,,,,,,,,,,,0.0,,1.0,,,,,,,,,,,,,,,,,,,,,,,,,,,0.0,1.983,0.0,,,,,,,,,,,,,,,,,""
7901607275,"2 oct. 2022, 15:13:29",Cabane de moiry 2.0 avec Jak,Randonn√©e,[strava://athletes/51390685/12]Jakob Gander ,9109,"6,44",,,false,,,activities/7901607275.gpx,,,9109.0,6060.0,6444.8,5.138,1.063,517.4,530.1,2344.8,2792.7,49.9,-0.2,,,,,,,,,,,,,,,,,,3.0,,,,,0.0,50.0,0.0,,1.0,,,,,,,,,,,,,,,,,,,,,,,,,,,0.0,0.708,6364.5,,,,,,,,,,,,,,,,,media/461984db-2b37-4010-a120-366a19e4b39e.jpg|media/55005896-f8fc-4017-8844-fbe95b8acde2.jpg|media/d8f96568-6c05-4be6-95bd-77628bc9c668.jpg|media/49edcdd7-93af-4ab2-9fa4-2999b207065e.jpg|media/0779d17a-9ce7-44af-9afb-d94b6b49999f.jpg|media/e7031e37-7b2f-4c7c-a37c-4efcdda6ff40.jpg
8176390075,"27 nov. 2022, 09:57:20",Ski de randonn√©e aux Diablerets,Ski de randonn√©e,"",17449,"10,55",,,false,,,activities/8176390075.fit,,,17449.0,8206.0,10555.1,20.274,1.286,814.1,815.6,2471.0,3100.1,50.0,0.0,,,,,,,,,,,,,,,,,,,,,,,0.0,,0.0,,1.0,,,,,,,,,,,,,,,,,,,,,,,,,,,0.0,0.605,6383.9,,,,,,,,,,,,,,,,,""
8621868115,"25 f√©vr. 2023, 12:12:47",Ski de randonn√©e dans l'apr√®s-midi,Ski de randonn√©e,,18017,"9,18",,,false,,,activities/8621868115.fit,,,18017.0,10939.0,9185.0,4.5,0.84,1274.7,253.0,1269.9,2360.3,49.9,11.1,,,,,,,,,,,,,,,,,,,,,,,,,0.0,,1.0,,,,,,,,,,,,,,,,,,,,,,,,,,,0.0,0.51,5302.7,,,,,,,,,,,,,,,,,""
8625877567,"26 f√©vr. 2023, 06:48:30",Pas de wildhorn aujourd'hui,Ski de randonn√©e,"",24331,"11,76",,,false,,,activities/8625877567.fit,,,24331.0,7695.0,11767.2,12.172,1.529,411.4,1431.9,1269.0,2636.8,49.9,-8.7,,,,,,,,,,,,,,,,,,,,,,,0.0,,0.0,,1.0,,,,,,,,,,,,,,,,,,,,,,,,,,,0.0,0.484,10757.5,,,,,,,,,,,,,,,,,media/a2a54fe2-2a13-4c71-94f5-0e5556ce88c3.jpg|media/f60d221c-6fa6-413a-8744-c40972df556e.jpg|media/8cf63f4a-b3de-41b5-a2d8-9a3ce3d48a35.jpg
8831368880,"4 avr. 2023, 08:19:27",Ski de randonn√©e un mardi √† palanche de la cretta,Ski de randonn√©e,"",18100,"9,00",,,false,,,activities/8831368880.fit,,,18100.0,8427.0,8999.4,9.612,1.068,1115.2,1134.8,1793.9,2901.3,49.9,-0.2,,,,,,,,,,,,,,,,,,,,,,,0.0,,0.0,,1.0,,,,,,,,,,,,,,,,,,,,,,,,,,,0.0,0.497,832.2,,,,,,,,,,,,,,,,,media/47aa43bc-23ef-4e9a-bc77-a4a4e236b488.jpg|media/de82d1a0-8227-4a2f-9543-0b551b597f11.jpg|media/e95ff757-ed76-4a00-87d5-6c6763b393ee.jpg|media/3468ab56-2601-4de1-bdd4-0e4a75da8b44.mp4|media/f2c16a4e-2402-4d59-8649-674ed31def73.jpg
8937349929,"22 avr. 2023, 08:38:30",Tentative de faire les Louerretes,Ski de randonn√©e,"",21145,"10,23",,,false,,,activities/8937349929.fit,,,21145.0,9568.0,10237.4,10.062,1.07,1355.9,1352.0,1728.8,2990.0,50.0,0.0,,,,,,,,,,,,,,,,,,,,,,,0.0,,0.0,,1.0,,,,,,,,,,,,,,,,,,,,,,,,,,,0.0,0.484,3437.3,,,,,,,,,,,,,,,,,""
9108530630,"20 mai 2023, 07:01:55",Sortie v√©lo le matin,V√©lo,,5988,"32,21",,,false,,,activities/9108530630.fit,,,5988.0,4646.0,32216.3,12.062,6.934,158.0,159.8,375.9,404.7,8.3,0.0,,,,,,,,,,,,,,,,,,,,,,,,,0.0,,1.0,,,,,,,,,,,,,,,,,,,,,,,,,,,0.0,5.38,0.0,,,,,,,,,,,,,,,,,""
9363152466,"29 juin 2023, 10:30:43",Randonn√©e le midi,Randonn√©e,,14940,"8,20",,,false,,,activities/9363152466.fit,,,14940.0,7543.0,8201.5,7.784,1.087,816.6,818.9,1505.9,2107.7,50.0,0.0,,,,,,,,,,,,,,,,,,,,,,,,,0.0,,1.0,,,,,,,,,,,,,,,,,,,,,,,,,,,0.0,0.549,7776.4,,,,,,,,,,,,,,,,,""
9445081699,"13 juil. 2023, 10:40:22",Rando √† la Dent de Morcle pour mon anni ,Randonn√©e,"",23711,"20,90",,,false,,,activities/9445081699.gpx,,,23711.0,16776.0,20901.2,4.88,1.246,1305.2,1313.7,1885.0,2933.2,50.0,0.0,,,,,,,,,,,,,,,,,,,,,,,0.0,,0.0,,1.0,,,,,,,,,,,,,,,,,,,,,,,,,,,0.0,0.881,20721.6,,,,,,,,,,,,,,,,,media/a6c1d9b0-a053-490e-9179-6c81456ff370.jpg|media/8b877be2-9824-4391-b2f9-4aaa2560ab26.jpg|media/086ee4a2-3465-442b-9914-6233cf15cf20.mp4|media/6d698ddb-ddd3-496a-a558-4288e3d2e3e7.jpg|media/82461da4-912b-40b0-9613-83be22fd2e25.mp4
9502240293,"22 juil. 2023, 07:56:06",Rando de Moiry √† Evol√®ne en passanr par le col de torrent,Randonn√©e,Le gps de sib a p√©t√© un cable haha mais l'itin√©raire est √† peu pr√®s le bon,18979,"7,63",,,false,,,activities/9502240293.fit,,,18979.0,1173.0,7629.9,7.635,6.505,646.6,1216.2,1673.6,2887.9,47.0,-7.5,,,,,,,,,,,,,,,,,,,,,,,0.0,,0.0,,1.0,,,,,,,,,,,,,,,,,,,,,,,,,,,0.0,0.402,7011.4,,,,,,,,,,,,,,,,,""
9532372570,"27 juil. 2023, 10:57:55",Rando au dessus du lac des quatres cantons,Randonn√©e,"",20564,"12,92",,,false,,,activities/9532372570.gpx,,,20564.0,11352.0,12920.0,6.885,1.138,985.3,993.0,1302.4,1907.0,49.9,-0.1,,,,,,,,,,,,,,,,,,,,,,,0.0,,0.0,,1.0,,,,,,,,,,,,,,,,,,,,,,,,,,,0.0,0.628,12779.1,,,,,,,,,,,,,,,,,media/5b72bcc0-6abf-43df-af09-647d3a01ba05.jpg|media/bcfb25f6-834f-4109-85c4-a02c1efdb51c.jpg|media/e5b98d94-9e97-4d66-a2d0-0df820642422.jpg|media/143508b9-869a-4ec9-9aa9-34822424c6eb.jpg|media/2913ed62-030e-4843-8f4e-4007a95ee4c4.jpg|media/21dd2043-5459-4956-8ad1-96d77feb3209.jpg
9555492837,"31 juil. 2023, 10:51:43",Petite rando au sal√®ve,Randonn√©e,"",6765,"5,07",,,false,,,activities/9555492837.gpx,,,6765.0,4210.0,5074.3,4.764,1.205,577.4,108.8,770.0,1291.9,50.0,9.2,,,,,,,,,,,,,,,,,,,,,,,0.0,,0.0,,1.0,,,,,,,,,,,,,,,,,,,,,,,,,,,0.0,0.75,4787.6,,,,,,,,,,,,,,,,,media/5c483990-06a2-48bc-896d-e07232c08827.jpg|media/3ea7c594-a036-408d-92e7-fb69e6359ee3.jpg|media/2c0cc2d5-c0ef-45a1-bd8d-e0844cd90fa7.jpg|media/dd445896-6780-478f-82f8-050750db6086.jpg
9579472038,"4 ao√ªt 2023, 05:03:38",Petit tour √† v√©lo,V√©lo,,3429,"10,01",,,false,,,activities/9579472038.gpx,,,3429.0,3006.0,10010.8,12.224,3.33,65.6,65.9,-52.6,6.9,47.1,0.0,,,,,,,,,,,,,,,,,,,,,,,0.0,,0.0,,1.0,,,,,,,,,,,,,,,,,,,,,,,,,,,0.0,2.919,0.0,,,,,,,,,,,,,,,,,media/93f3782e-abbf-4777-a150-1e263dd50b9e.jpg|media/a31dee9e-8d25-4b3d-9eeb-22f173990464.jpg|media/30f2c655-e5b5-4167-8cca-8c1d77cb0a9d.jpg|media/22b5547d-1c8e-4049-8a07-8e2a01b8027f.jpg|media/6515090e-0d94-49ef-b045-b8bdb2dc5300.jpg
9749273470,"30 ao√ªt 2023, 10:31:30",Rando jusqu'au lac de soi pour rejoindre Jakob et Marine,Randonn√©e,,10090,"8,65",,,false,,,activities/9749273470.gpx,,,10090.0,8473.0,8650.7,2.741,1.021,1384.7,52.1,876.1,2254.5,50.0,15.4,,,,,,,,,,,,,,,,,,4.0,,,,,0.0,94.0,0.0,,1.0,,,,,,,,,,,,,,,,,,,,,,,,,,,0.0,0.857,7213.8,,,,,,,,,,,,,,,,,media/d195e0af-da71-4296-ba54-6d1c759e15d2.jpg|media/031f361e-0191-4c9e-a230-7cd32acc3a5a.jpg|media/f7780b2c-3b96-4fe6-b033-c314c56cbc69.jpg|media/2453ad40-ce57-42c1-b0af-daf6a746a71b.jpg|media/651551f3-a503-42b2-94a7-abe7d0d824de.mp4|media/26135ac2-25ba-4986-99e9-81671713091d.jpg|media/95338f20-a447-4c3d-aa0b-f51d4b28bfbb.jpg
9750273002,"30 ao√ªt 2023, 14:44:42",Et hop √† la cabane de Anth√®me,Randonn√©e,,5751,"5,95",,,false,,,activities/9750273002.gpx,,,5751.0,4700.0,5954.2,2.89,1.267,219.4,428.1,1896.0,2250.9,42.4,-3.5,,,,,,,,,,,,,,,,,,,,,,,0.0,,0.0,,1.0,,,,,,,,,,,,,,,,,,,,,,,,,,,0.0,1.035,5818.1,,,,,,,,,,,,,,,,,""
9758578249,"31 ao√ªt 2023, 07:19:16",Rando de Anth√®me √† st Maurice,Randonn√©e,"",32354,"20,75",,,false,,,activities/9758578249.fit,,,32354.0,17563.0,20750.3,4.125,1.181,637.3,2257.5,423.6,2181.9,49.7,-7.8,,,,,,,,,,,,,,,,,,,,,,,0.0,,0.0,,1.0,,,,,,,,,,,,,,,,,,,,,,,,,,,0.0,0.641,18043.3,,,,,,,,,,,,,,,,,media/ff5080a2-724d-486a-9d5b-3f711a710c1d.jpg|media/b046e91f-c2c4-4610-8347-f66f12aa999b.jpg|media/28bc9c71-cee1-4a8d-8c5b-c4cb13a381eb.jpg|media/59de38be-deca-4cd9-ab98-0b11b210523a.jpg|media/0552181a-5a60-4ef8-bf3b-e59b39fa3b3f.jpg|media/43ef9f18-184d-49bf-8b0f-595766980773.jpg|media/fc55b2eb-fffc-4c63-8bda-24e07945ec74.jpg|media/120fd6d3-5d82-4bc8-9122-a5cb97281ac6.jpg|media/5030fb3a-4654-4327-86ea-bb2b9454d96d.jpg|media/474bea57-2603-401e-a1e4-1a9443fc59b9.jpg
9784747126,"2 sept. 2023, 12:00:32",Randonn√©e + via ferrata donnerkogel avec Jakob et Remy,Randonn√©e,"",29754,"9,65",,,false,,,activities/9784747126.fit,,,29754.0,11820.0,9650.5,3.708,0.816,2183.0,2179.3,931.5,2051.3,49.9,0.0,,,,,,,,,,,,,,,,,,,,,,,0.0,,0.0,,1.0,,,,,,,,,,,,,,,,,,,,,,,,,,,0.0,0.324,8494.2,,,,,,,,,,,,,,,,,""
9784747803,"3 sept. 2023, 10:44:13",Randonn√©e le midi,Randonn√©e,,16918,"7,91",,,false,,,activities/9784747803.fit,,,16918.0,8340.0,7918.2,5.292,0.949,1125.5,1138.0,1877.4,2621.4,49.9,-0.2,,,,,,,,,,,,,,,,,,,,,,,,,0.0,,1.0,,,,,,,,,,,,,,,,,,,,,,,,,,,0.0,0.468,4355.5,,,,,,,,,,,,,,,,,""
9906959698,"23 sept. 2023, 08:00:14",Sortie v√©lo le matin,V√©lo,,32767,"115,53",,,false,,,activities/9906959698.fit,,,32767.0,17700.0,115538.5,13.564,6.528,465.2,488.8,375.1,425.5,16.2,0.0,,,,,,,,,,,,,,,,,,,,,,,,,0.0,,1.0,,,,,,,,,,,,,,,,,,,,,,,,,,,0.0,3.526,545.2,,,,,,,,,,,,,,,,,""
9949656284,"30 sept. 2023, 08:42:13",Sortie en v√©lo √©lectrique le matin,V√©lo √©lectrique,,19180,"44,43",,,false,,,activities/9949656284.fit,,,19180.0,10940.0,44435.4,11.297,4.062,1569.0,1569.1,1314.3,2305.3,38.3,0.0,,,,,,,,,,,,,,,,,,,,,,,,,0.0,,1.0,,,,,,,,,,,,,,,,,,,,,,,,,,,0.0,2.317,37209.0,,,,,,,,,,,,,,,,,""
9995604990,"7 oct. 2023, 12:59:59",Escalade dans l'apr√®s-midi,Escalade,,15233,"3,97",,,false,,,activities/9995604990.fit,,,15233.0,4953.0,3971.6,9.882,0.802,534.7,554.1,1663.3,1740.2,49.9,-0.5,,,,,,,,,,,,,,,,,,,,,,,,,0.0,,1.0,,,,,,,,,,,,,,,,,,,,,,,,,,,0.0,0.261,0.0,,,,,,,,,,,,,,,,,""
10007775643,"9 oct. 2023, 16:33:36",Petit tour d√©tente,V√©lo,"",5190,"34,53",,,false,,,activities/10007775643.gpx,,,5190.0,4866.0,34531.8,16.125,7.097,305.3,399.3,356.2,491.6,16.3,-0.3,,,,,,,,,,,,,,,,,,,,,,,0.0,,0.0,,1.0,,,,,,,,,,,,,,,,,,,,,,,,,,,0.0,6.654,804.0,,,,,,,,,,,,,,,,,media/6f4cc4c7-0fdf-4659-9b7c-7daa4209d252.jpg|media/70d9ec4c-8788-4cb9-9b25-e80584f2626d.jpg
10045523805,"15 oct. 2023, 05:00:10",GROSSE Rando haute cime,Randonn√©e,"",49803,"36,14",,,false,,,activities/10045523805.gpx,,,49803.0,29375.0,36145.2,19.38,1.23,3261.4,2648.6,423.8,3129.3,50.0,1.7,,,,,,,,,,,,,,,,,,,,,,,0.0,,0.0,,1.0,,,,,,,,,,,,,,,,,,,,,,,,,,,0.0,0.726,32803.7,,,,,,,,,,,,,,,,,media/9f8847f3-09eb-4b8f-ae3c-e806c7ddbd51.jpg|media/06778174-fa8d-4e42-9738-573355d47eff.jpg|media/d55c4267-5f66-4300-b084-b3c55af4fc87.jpg|media/7dd3b192-8160-4232-97da-be21a19b3431.jpg|media/24306f9c-64e9-4b67-bcda-a1228c44116c.jpg|media/a4633a29-b64a-44b4-b0e1-40622ddae58d.jpg|media/dc1a042e-cf51-4d39-9ff2-2dd45688aa32.jpg|media/8269528e-2b35-4020-8c3e-d3809e78087c.jpg|media/f6070074-e4fb-4b16-8cae-306040929379.jpg|media/8d8b0bde-0ad9-43bd-bac9-9bee8977dd87.jpg|media/e4884aea-8da6-47e3-a3b7-51bd7ab68598.jpg
10069702720,"18 oct. 2023, 17:11:17","Quelle dr√¥le d'id√©e, moi courir",Course √† pied,"",1730,"3,89",,,false,,,activities/10069702720.fit,,,1730.0,1407.0,3890.7,6.35,2.765,7.7,8.5,376.0,384.5,14.9,0.0,,,,,,,,,,,,,,,,,,,,,,,0.0,,0.0,,1.0,3911.6,,,,,,,,,,,,,,,,,,,,,,,,,,0.0,2.249,3241.8,,,,,,,,,,,,,,,,,""
10127533561,"29 oct. 2023, 08:05:09",La petite rando du dimanche avec une belle vue sur les dents du midi,Randonn√©e,"",25637,"20,20",,,false,,,activities/10127533561.fit,,,25637.0,16029.0,20206.7,8.878,1.261,1083.9,1088.3,1312.0,2119.5,49.6,0.0,,,,,,,,,,,,,,,,,,,,,,,0.0,,0.0,,1.0,,,,,,,,,,,,,,,,,,,,,,,,,,,0.0,0.788,16314.2,,,,,,,,,,,,,,,,,media/e3035dc6-ac45-405a-b2d2-31ac4eefd47e.jpg|media/b9976635-018d-4fda-9612-5182729ff2ef.jpg|media/078d31be-97b8-490a-8b85-87f7ee1a5b1f.jpg|media/5f0c653d-1c5a-4015-afbc-c8ec87950a7c.jpg|media/180cb3ae-599a-4c00-aaba-dab4d393b9bd.mp4|media/eac8b41c-1ec7-4526-a160-43d80323ea92.jpg|media/b2bca5a6-b7a1-43f9-b310-a21e283109d4.jpg|media/9cc87523-a07b-441c-b3a6-1d3dcecf2450.jpg
10198151066,"11 nov. 2023, 06:12:42",Mont√©e grand chamos√®re,Ski de randonn√©e,"",12272,"6,80",,,false,,,activities/10198151066.fit,,,12272.0,6663.0,6799.5,6.57,1.02,765.5,791.6,1363.5,2090.4,49.6,-0.4,,,,,,,,,,,,,,,,,,,,,,,0.0,,0.0,,1.0,,,,,,,,,,,,,,,,,,,,,,,,,,,0.0,0.554,2650.0,,,,,,,,,,,,,,,,,""
10249678075,"19 nov. 2023, 10:32:37",Ski de randonn√© sous la pluie et surtout bains thermaux,Ski de randonn√©e,"",16778,"8,46",,,false,,,activities/10249678075.fit,,,16778.0,3719.0,8463.6,13.99,2.276,620.7,626.5,1733.5,2424.5,47.8,-0.1,,,,,,,,,,,,,,,,,,,,,,,0.0,,0.0,,1.0,,,,,,,,,,,,,,,,,,,,,,,,,,,0.0,0.504,1619.6,,,,,,,,,,,,,,,,,media/0e9f0abb-7202-4913-8832-04e5c3535455.jpg|media/5a7e61b3-ed80-4c6b-ac7d-3da2f96ca691.jpg|media/7d7a8a8a-c00b-4d3e-84d4-716b48ddbec8.jpg|media/740719a6-a104-4c11-9c10-c9b2abd474cc.jpg|media/b7976525-1721-4228-8e89-35b2666725c5.jpg|media/ae5f0ed0-e7a8-4d4b-a461-b09183b202e2.jpg|media/8dd5e66a-10e7-43f6-8276-bea7057f31ba.jpg|media/c1b6a49d-0099-4677-8522-c65f3cc0002a.jpg|media/adbd3946-3a8a-4768-adcf-869bc008f4ec.jpg|media/e046a093-3406-4003-be65-edf61d2f8614.jpg|media/3f6c087e-d896-4df9-ab44-339ff7041733.jpg
10286825076,"26 nov. 2023, 11:24:15",Ski sympatosh √† Saas Fee avec la team,Ski alpin,"",14080,"37,25",,,false,,,activities/10286825076.fit,,,14080.0,9232.0,37258.5,23.798,4.036,3042.4,4661.2,1800.9,3429.4,49.9,-4.3,,,,,,,,,,,,,,9,,,,,,,,,0.0,,0.0,,1.0,,,,,,,,,,,,,,,,,,,,,,,,,,,0.0,2.646,2729.5,,,,,,,,,,,,,,,,,""
10296151668,"28 nov. 2023, 16:15:36",Course festive,Course √† pied,"",2290,"6,12",,,false,,,activities/10296151668.fit,,,2290.0,2245.0,6124.0,6.064,2.728,8.9,7.2,375.4,382.3,7.2,0.0,,,,,,,,,,,,,,,,,,,,,,,0.0,,0.0,,1.0,6135.1,,,,,,,,,,,,,,,,,,,,,,,,,,0.0,2.674,1141.0,,,,,,,,,,,,,,,,,""
10323248865,"3 d√©c. 2023, 11:34:55",Rando √† pointe de bellevue( avec comme promis une incroyable vue),Ski de randonn√©e,Ah oui Matteo le veinard qui fait √ßa pour son anni,17313,"6,97",,,false,,,activities/10323248865.fit,,,17313.0,6525.0,6977.0,9.764,1.069,799.6,799.6,1280.3,2027.5,50.0,0.0,,,,,,,,,,,,,,,,,,,,,,,0.0,,0.0,,1.0,,,,,,,,,,,,,,,,,,,,,,,,,,,0.0,0.403,4583.3,,,,,,,,,,,,,,,,,media/dc0a53fb-027a-4b98-8cd4-625f4991234c.jpg|media/ae48f139-2ee8-4a8c-8254-3e1033bec123.jpg|media/f96a5f95-cd56-432f-9512-f40ac4682eb9.jpg|media/76b70323-dee7-4018-8321-7bc550214916.jpg|media/d8874a5a-bea2-4d74-b1a6-0990b070033e.jpg|media/ab1e091d-9d87-4922-843d-d5a8ae5aaca1.jpg|media/3d669fac-89ad-41cc-ac43-7eb11fad3d7e.mp4
10354610783,"9 d√©c. 2023, 10:46:32",Ski √† verbier d√©guis√© en p√®re No√´l,Ski alpin,"",18089,"22,95",,,false,,,activities/10354610783.fit,,,18089.0,4575.0,22957.7,22.3,5.018,0.0,4703.0,1563.0,3328.8,49.2,-4.0,,,,,,,,,,,,,,8,,,,,,,,,0.0,,0.0,,1.0,,,,,,,,,,,,,,,,,,,,,,,,,,,0.0,1.269,5372.1,,,,,,,,,,,,,,,,,""
10396424184,"16 d√©c. 2023, 08:06:03",Rando sympa au dessus de Chamonix,Ski de randonn√©e,Le neige et le temps √©taient incroyable,21383,"10,49",,,false,,,activities/10396424184.fit,,,21383.0,7320.0,10490.2,11.42,1.433,934.0,1084.0,1744.2,2840.2,49.5,-0.1,,,,,,,,,,,18.0,,,,,,,,,,,,0.0,,0.0,,1.0,,,,,,,,,,,,,,,,,,,,,,,,,,,0.0,0.491,8994.9,,,,,,,,,,,,,,,,,media/e26bbeed-634c-44e1-b4a0-cb528383b736.jpg|media/db097159-28df-403e-8b54-4404d1dd6a70.jpg|media/050644a5-d7d2-4319-a726-dcf3c649dce5.jpg|media/77c094a1-d7b7-468c-ae8e-39ebeb64f770.jpg|media/b6eb3de9-0792-4839-a6be-16d0433ccb76.mp4|media/07d0c289-8e4a-4a7b-ad06-d12bba9ef667.jpg|media/c68a795c-5894-45e8-a68e-db77d8752cba.jpg|media/537a35cd-5321-45d9-b44c-1b80995e4cd7.jpg|media/a3387c61-1e0b-4455-be76-a70abb248beb.mp4|media/19d2c51c-a158-49ff-b155-82b41b2482cf.mp4|media/9341eb26-96af-4595-9b4d-026a5187ece2.jpg|media/d96d57f3-961c-4976-b659-0436201a78c7.jpg
10428550068,"23 d√©c. 2023, 08:46:10",Derni√®re sortie de l'ann√©e juste avant No√´l ü´ï,Ski de randonn√©e,Rando jusqu'√† la cabane de valerette pour y manger une superbe fondue soupoudr√© d'un couch√© de soleil tr√®s sympatique ,27310,"7,91",,,false,,,activities/10428550068.fit,,,27310.0,8299.0,7909.5,8.6,0.953,839.0,838.0,1295.2,2076.2,49.5,0.0,,,,,,,,,,,16.0,,,,,,,,,,,,0.0,,0.0,,1.0,,,,,,,,,,,,,,,,,,,,,,,,,,,0.0,0.29,4932.2,,,,,,,,,,,,,,,,,media/c4ef1706-9774-42f6-b3ac-4115d28520b0.jpg|media/0ee19f04-32ed-4ef4-96f5-7151b2996c5d.jpg|media/5e072d96-d28f-4e82-a992-9692c57aed94.jpg|media/c3301ff0-f8a9-4390-a9fa-cf5a4e6184a7.jpg|media/93ec9273-1cb4-4a41-ba34-91e568f0991e.jpg|media/a3af8edf-dfaf-40c6-8e49-15b05d77f2d1.jpg|media/8d85e36e-dc9f-4362-bcad-5a6c78424894.jpg|media/192033d1-0b71-4d27-a679-5ec267f5bbea.jpg
10447675392,"27 d√©c. 2023, 22:50:48",Dr√¥le d'id√©e,Course √† pied,Encore loin du holy cow,1727,"6,22",,,false,,,activities/10447675392.gpx,,,1727.0,1727.0,6223.2,5.592,3.603,40.7,41.0,464.4,500.7,6.4,0.0,,,,,,,,,,,,,,,,,,,,,,,0.0,,0.0,,1.0,6257.0,,,,,,,,,,,,,,,,,,,,,,,,,,0.0,3.603,1937.8,,,,,,,,,,,,,,,,,media/b7cca7c3-5f44-42ef-a3d8-39e6092cd3d8.jpg
10476184793,"1 janv. 2024, 11:18:27",√áa commence bien l'ann√©e au pic Chaussy,Ski de randonn√©e,2h de sommeil c'est amplement suffisant...,17633,"10,14",,,false,,,activities/10476184793.fit,,,17633.0,10029.0,10145.5,8.0,1.012,961.0,968.0,1443.4,2385.6,48.6,0.0,,,,,,,,,,,18.0,,,,,,,,,,,,0.0,,0.0,,1.0,,,,,,,,,,,,,,,,,,,,,,,,,,,0.0,0.575,10145.5,,,,,,,,,,,,,,,,,media/b83d1d73-eb71-4098-9a16-11dfcf665cd8.jpg|media/6751c1b3-e9e6-47d0-8440-26fd214ca945.jpg|media/a5d91c41-5dd9-4fcc-8551-f534f88b0224.jpg|media/2320d628-43cb-496c-810b-391015d26054.jpg|media/aa7c982e-5bab-4a8d-ba0e-2133ce48d224.jpg|media/4648ddff-641c-480b-a184-882ad5a1ed88.jpg|media/db794871-eaa3-41a3-8334-7d719add7f3b.mp4|media/dd05a7ba-361d-42fb-8a73-4692c4481101.jpg
10627471607,"25 janv. 2024, 15:31:55",La Petite via de fort L'Ecluse en speed run,Randonn√©e,,2513,"1,24",,,false,,,activities/10627471607.gpx,,,2513.0,1091.0,1247.0,3.778,1.143,190.6,189.1,433.1,600.1,50.0,0.1,,,,,,,,,,,,,,,,,,,,,,,0.0,,0.0,,1.0,,,,,,,,,,,,,,,,,,,,,,,,,,,0.0,0.496,1159.6,,,,,,,,,,,,,,,,,media/0f7a793a-c9c4-45aa-80f8-dad2c180f4fa.jpg|media/e393d62b-7e25-4f21-926d-187cbc966223.jpg|media/d8bb5856-afd4-42f7-9198-af89edd9d965.jpg
10648728922,"28 janv. 2024, 15:01:41",Tentative de remise en forme pour les Grisons,Randonn√©e,"SPOILEUR, c'est pas super glorieux niveau cardio üò¨",5899,"4,96",,,false,,,activities/10648728922.gpx,,,5899.0,3400.0,4968.5,5.254,1.461,556.8,551.9,668.3,1214.1,50.0,0.1,,,,,,,,,,,,,,,,,,,,,,,0.0,,0.0,,1.0,,,,,,,,,,,,,,,,,,,,,,,,,,,0.0,0.842,4941.4,,,,,,,,,,,,,,,,,media/2fe51c1c-51ba-4878-bfd3-4980e513ac31.jpg|media/2c79d6b8-4c2c-40f8-b4ee-151aad6924eb.jpg|media/c52bb910-1cb9-4fce-8b4c-d30f04d019ee.jpg|media/86aec514-7b91-4d83-8fc6-a46818649522.jpg
10702939197,"4 f√©vr. 2024, 10:22:17","Semaine Grisons, mont√©e p√©rilleuse √† Brisi",Ski de randonn√©e,"",27656,"16,15",,,false,,,activities/10702939197.fit,,,27656.0,14619.0,16150.9,13.82,1.105,1456.0,1544.0,890.0,2278.2,50.0,0.0,,,,,,,,,,,20.0,,,,,,,,,,,,0.0,,0.0,,1.0,,,,,,,,,,,,,,,,,,,,,,,,,,,0.0,0.584,8879.5,,,,,,,,,,,,,,,,,media/74ac6967-b0a2-4464-ae50-adf34eeb4de8.mp4|media/301968d9-f265-4a9c-9e32-68b7550c1147.jpg|media/98fc2f52-fdad-473a-aeb7-8f555c11a52e.jpg|media/15d49f54-ee11-4d19-b3fb-809e4cfb8c3a.jpg|media/38ea2be8-0e8a-4a78-9962-66aaa9679656.jpg|media/b86ac115-4fda-4293-8f65-ebe5a8716084.jpg|media/694a16fd-19fe-4b48-b493-a924e9efeccc.jpg|media/92cac4ff-493a-49dd-9e32-c8420ee3dbea.mp4
10716584906,"6 f√©vr. 2024, 08:50:04","Deuxi√®me sortie, Kaltenberg en autriche",Ski de randonn√©e,On a rat√© les derniers bus et Jakob √† d√ª faire du stop hehe,22492,"18,32",,,false,,,activities/10716584906.fit,,,22492.0,11028.0,18323.3,11.4,1.662,984.0,2072.0,1187.8,2829.4,48.4,-6.2,,,,,,,,,,,19.0,,,,,,,,,,,,0.0,,0.0,,1.0,,,,,,,,,,,,,,,,,,,,,,,,,,,0.0,0.815,4960.1,,,,,,,,,,,,,,,,,media/2e0c182e-40b2-42c3-ac96-73927bb71c42.jpg|media/dc6f6b3e-9677-4db0-8d06-cfee59faa75a.jpg|media/0e1bef57-4454-499c-b56b-287e11f4ddcc.jpg|media/b9ffb959-4ad8-4205-8735-9c7b2935328b.jpg|media/66e14229-b1b1-400f-94a0-f07be0271e86.mp4|media/c6545179-a2cb-4394-aa3c-d8eadcd0d11c.mp4|media/250e0837-0d37-45ee-938f-2131254a2d29.jpg
10732225380,"7 f√©vr. 2024, 09:11:06","Tentative avort√©e par flemme, manque de temps et manque de neige",Ski de randonn√©e,"",10510,"6,57",,,false,,,activities/10732225380.fit,,,10510.0,5161.0,6570.5,9.7,1.273,338.0,347.0,1625.2,1935.0,45.3,0.0,,,,,,,,,,,22.0,,,,,,,,,,,,0.0,,0.0,,1.0,,,,,,,,,,,,,,,,,,,,,,,,,,,0.0,0.625,1030.8,,,,,,,,,,,,,,,,,media/a2183c04-0b16-41ce-a0a6-d741e957b9ea.jpg|media/7ee72af7-d6b1-4d5b-af22-1e8b498cb9a9.jpg|media/58c4ed4c-4a29-45a7-b846-dcd5f903346d.jpg|media/03cf20c3-1038-484a-abc0-6961a0f59da4.mp4
10732321260,"7 f√©vr. 2024, 16:16:33",On a fait seulement 2 km avec Jakob car on a jou√© au frisbee sur le lac √† la place üëå,Course √† pied,"",3273,"6,53",,,false,,,activities/10732321260.fit,,,3273.0,2645.0,6539.0,5.24,2.472,37.0,35.0,1792.0,1804.6,16.8,0.0,,,,,,,,,,,,,,,,,,,,,,,0.0,,0.0,,1.0,6659.7,,,,,,,,,,,,,,,,,,,,,,,,,,0.0,1.998,3464.5,,,,,,,,,,,,,,,,,media/a0a5d6da-cce8-4f73-bb20-e63358b3343e.jpg|media/23a167bf-000e-4def-8cfc-8d2d6fa6a17a.jpg|media/7999473f-cd1e-46ac-8397-9c1483f55b9e.jpg|media/ec436115-7f95-492a-82ab-bc243be4c04d.jpg|media/a33d4e38-6cfb-4600-8a5f-8e760b674baf.jpg|media/b1a439a8-d697-441b-9668-bafc2b6abadb.mp4
10732477504,"8 f√©vr. 2024, 09:15:08",Mont√©e √† la cabane du Jenatsch depuis le Julierpass,Ski de randonn√©e,"",11167,"9,71",,,false,,,activities/10732477504.fit,,,11167.0,8465.0,9711.5,11.46,1.147,820.0,428.0,2207.4,3000.0,48.0,4.2,,,,,,,,,,,19.0,,,,,,,,,,,,0.0,,0.0,,1.0,,,,,,,,,,,,,,,,,,,,,,,,,,,0.0,0.87,4159.3,,,,,,,,,,,,,,,,,media/b1a1e557-34a4-4db4-95eb-67c27a0ee3c4.jpg|media/e57f4124-2580-4c49-b61c-82b57729df04.jpg|media/5cc85730-c6f4-4db9-a21e-7ecc31ee98f6.jpg|media/8507255e-03bd-4243-9c88-c3a79a781f09.jpg|media/af33feec-4897-4264-966f-51618ed10659.jpg|media/a5c9592a-c5cb-4b82-a1b8-2daecebf9739.jpg|media/58f57872-82be-4b06-9203-3d1307a0ed98.mp4|media/769c63ad-be33-4fe2-88db-9cffe5b959aa.jpg
10732588319,"9 f√©vr. 2024, 09:23:06",Descente de la cabane jusqu'√† Spinas,Ski de randonn√©e,C'√©tait long mais le restaurant en bas en valait la chandelle,11536,"12,33",,,false,,,activities/10732588319.fit,,,11536.0,6987.0,12337.7,8.68,1.766,103.0,942.0,1823.4,2658.2,49.1,-6.8,,,,,,,,,,,21.0,,,,,,,,,,,,0.0,,0.0,,1.0,,,,,,,,,,,,,,,,,,,,,,,,,,,0.0,1.069,10810.2,,,,,,,,,,,,,,,,,media/96e0d6a0-f4dd-486a-8fa7-91cff54adace.jpg|media/513ce9eb-f812-4085-8f1a-af290c93a4ac.jpg|media/66f9b454-2bab-425f-ae25-e19c7c6dd4b2.jpg|media/5ccab94d-8e03-43b4-bdaa-fdf5e2a0cb24.jpg|media/3addf413-c3e6-4df9-85a2-45de30b552d7.jpg|media/32a9212c-ee29-4219-a19f-589c440972f3.jpg
10752929479,"13 f√©vr. 2024, 12:02:02",Petite rando avec ski sur l'√©paule parce que j'ai rat√© un virage pour aller au t√©l√©si√®ge üò¨,Randonn√©e,,1055,"0,70",,,false,,,activities/10752929479.gpx,,,1055.0,708.0,705.3,3.42,0.996,133.3,1.2,1817.2,1952.5,50.0,18.7,,,,,,,,,,,,,,,,,,,,,,,0.0,,0.0,,1.0,,,,,,,,,,,,,,,,,,,,,,,,,,,0.0,0.669,275.3,,,,,,,,,,,,,,,,,media/2be11a77-517f-4a4c-80b5-d49c5220e973.jpg|media/2a357b47-c89a-4b22-998d-b47cb3ea3b66.jpg|media/c23660a1-70b7-414d-8252-a1183fa10b6f.jpg
10829814648,"24 f√©vr. 2024, 09:05:18",Mont√©e √† la cr√™te de Velle,Ski de randonn√©e,En bonus la t√™te de gland que j'ai avec ce cache cou sur la t√™te üëå,21193,"11,67",,,false,,,activities/10829814648.fit,,,21193.0,1514.0,11675.0,6.0,7.711,1227.0,1236.0,1508.0,2573.6,47.6,0.0,,,,,,,,,,,19.0,,,,,,,,,,,,0.0,,0.0,,1.0,,,,,,,,,,,,,,,,,,,,,,,,,,,0.0,0.551,303.0,,,,,,,,,,,,,,,,,media/585cf5bf-8444-4c64-a534-14ad25f16f59.jpg|media/f4ed877d-481a-4f4f-9915-fcc39aaf1523.jpg|media/ec960037-d3b1-42ca-be9c-6c9a60222e33.jpg|media/64f4b62f-5509-4fed-b35f-7c4ff125db33.jpg
10862602125,"29 f√©vr. 2024, 08:51:18",Ski √† Verbier un jeudi avec Jakob et Phillipe,Ski alpin,Aller en cours c'est surcot√© ,27719,"67,60",,,false,,,activities/10862602125.fit,,,27719.0,15134.0,67608.4,29.598,4.467,7254.5,7579.5,1228.5,3268.9,50.0,0.5,,,,,,,,,,,,,,20,,,,,,,,,0.0,,0.0,,1.0,,,,,,,,,,,,,,,,,,,,,,,,,,,0.0,2.439,15093.5,,,,,,,,,,,,,,,,,media/56ace9fd-78eb-4297-818b-efa42438bad9.jpg|media/3dc9391c-831a-4d97-b2e4-34a51a12b4af.jpg|media/3f1ac3be-efdf-49cf-a405-853ac2b2b041.jpg
10879153925,"2 mars 2024, 10:55:09",Rando aux Six blancs,Ski de randonn√©e,Petite rando mais rapide üëå,9595,"8,08",,,false,,,activities/10879153925.fit,,,9595.0,6966.0,8083.8,6.32,1.16,751.0,727.0,1704.8,2457.4,49.4,0.0,,,,,,,,,,,19.0,,,,,,,,,,,,0.0,,0.0,,1.0,,,,,,,,,,,,,,,,,,,,,,,,,,,0.0,0.843,4465.8,,,,,,,,,,,,,,,,,media/491f117a-da78-4a74-abeb-508635de6eed.jpg|media/1ced5d06-27a2-4c24-bc4e-7af81dceb7f9.jpg|media/9ae06d4f-4a5c-42e7-a72a-494c4fdd06c0.jpg|media/205c6cee-1f2d-43c0-8a4f-5e3587b42f7b.jpg
10961261904,"14 mars 2024, 08:48:03",Ski jeudi √† Grimentz,Ski alpin,Sortie random avec Jonas et Jakob + grimpe le soir üëå,24761,"88,82",,,false,,,activities/10961261904.fit,,,24761.0,19461.0,88827.5,20.6,4.564,9807.2,10919.4,1587.4,2868.4,50.0,-1.1,,,,,,,,,,,,,,27,,,,,,,,,0.0,,0.0,,1.0,,,,,,,,,,,,,,,,,,,,,,,,,,,0.0,3.587,7860.5,,,,,,,,,,,,,,,,,media/aedc5383-aab8-4f9a-a027-45a31079697d.jpg|media/77f7fd68-9e94-4223-9bd7-3b3d9bf7293b.jpg|media/09e365ac-3d59-4fb6-8358-dbbaa5e611ed.jpg|media/5947b175-fc3c-4f0a-8065-396718edac29.jpg|media/54a53cdf-ed32-4b0f-96e0-13418378b98d.jpg|media/7dfeb5f3-ed01-4cf1-8af7-6ab9770da5fc.jpg
10966170147,"15 mars 2024, 09:42:36",Ski √† Saint cul,Ski alpin,"",20788,"54,11",,,false,,,activities/10966170147.fit,,,20788.0,12016.0,54115.9,20.48,4.504,6074.8,6299.5,1714.6,2977.6,50.0,-0.4,,,,,,,,,,,,,,15,,,,,,,,,0.0,,0.0,,1.0,,,,,,,,,,,,,,,,,,,,,,,,,,,0.0,2.603,4021.1,,,,,,,,,,,,,,,,,""
11013719409,"22 mars 2024, 08:49:49",√áa va bosser √† Lausanne,V√©lo,,8740,"64,92",,,false,,,activities/11013719409.gpx,,,8740.0,8484.0,64923.7,12.476,7.652,274.9,350.3,376.7,481.8,12.6,-0.1,,,,,,,,,,,,,,,,,,,,,,,0.0,,0.0,,1.0,,,,,,,,,,,,,,,,,,,,,,,,,,,0.0,7.428,0.0,,,,,,,,,,,,,,,,,media/d3b17f62-ccae-460b-92f9-7a0316de4cd6.jpg|media/54cb006c-85f8-4f18-9558-5dcbd531d505.jpg
11037613991,"25 mars 2024, 10:24:33",Rando au mont de l'√©toile,Ski de randonn√©e,"D√©part trop tard, des couteaux qui marchent pas, des √©normes sabots, ma fix qui marche une fois sur deux, la neige qui n'√©tait plus bonne le temps qu'on redescende.. Mais √† part √ßa s'√©tait sympa üòÇ",26650,"13,08",,,false,,,activities/11037613991.fit,,,26650.0,11275.0,13081.0,12.2,1.16,1411.0,1518.0,1835.2,3341.8,49.9,0.1,,,,,,,,,,,19.0,,,,,,,,,,,,0.0,,0.0,,1.0,,,,,,,,,,,,,,,,,,,,,,,,,,,0.0,0.491,8154.0,,,,,,,,,,,,,,,,,media/210656d7-1008-4918-a58a-c297c5892240.jpg|media/fc006341-0ad2-461f-a124-f9994d18f065.jpg|media/acd88cc0-982d-47e5-924f-6098b31ccc47.mp4|media/1f2da563-ef4e-4e03-a8f2-c8abce1e3d29.jpg|media/3e7dd06a-3473-4335-8b32-6b909f7da715.jpg|media/51da3aa2-75f9-4c29-88fb-4d5e3b193111.jpg|media/0a8ea2ea-5fb9-40ca-8ce1-458fbd432504.jpg|media/625880a4-5b6a-45df-927f-721be421fd26.jpg
11057292218,"28 mars 2024, 18:51:31",Haa le 45min üò¨,Course √† pied,Never mind j'aime toujours pas courir..,3084,"10,04",,,false,,,activities/11057292218.gpx,,,3084.0,3084.0,10044.7,5.758,3.257,51.7,101.9,421.9,500.9,7.4,-0.5,,,,,,,,,,,,,,,,,,,,,,,0.0,,0.0,,1.0,9989.5,,,,,,,,,,,,,,,,,,,,,,,,,,0.0,3.257,1912.7,,,,,,,,,,,,,,,,,media/ab4156c4-81ef-4056-824d-24880c5dc6d7.jpg
11063479605,"29 mars 2024, 08:50:47",Une semi rando jusqu'√† la pointe de Penne,Ski de randonn√©e,"C'est la faute au vent mais surtout √† Marine si on a pas pu finir, booooh",15867,"8,40",,,false,,,activities/11063479605.fit,,,15867.0,6749.0,8404.0,12.4,1.245,917.0,990.0,1671.0,2384.0,49.5,0.1,,,,,,,,,,,19.0,,,,,,,,,,,,0.0,,0.0,,1.0,,,,,,,,,,,,,,,,,,,,,,,,,,,0.0,0.53,4523.0,,,,,,,,,,,,,,,,,media/f6f48b93-f44a-40fb-8a39-565174544d4b.jpg|media/def4c461-b6b3-4b34-a838-4b39596f831b.mp4|media/9862c058-ed82-4d5b-bd81-be3eceefffe5.jpg|media/05c414a3-3755-4c54-9050-49f21d2e11d8.jpg|media/b8c47a32-1e08-41f1-99af-0cf9f535eb88.jpg|media/c8d7b1d8-2b85-44a1-95f4-194cbd434859.jpg|media/75c31907-aa81-46f6-a598-75345467c007.mp4|media/3021397b-9611-45be-a882-303c4917c3ac.mp4
11183945311,"14 avr. 2024, 06:53:20",Les Louerretes ( jusqu'au bout cette fois),Ski de randonn√©e,Beaucoup de rando √† pied mais la neige √©tait √©tonnement pas mal pour un mois d'avril,18610,"12,53",,,false,,,activities/11183945311.fit,,,18610.0,12509.0,12532.3,9.34,1.002,1363.0,1301.0,1738.0,3073.8,49.1,0.1,,,,,,,,,,,23.0,,,,,,,,,,,,0.0,,0.0,,1.0,,,,,,,,,,,,,,,,,,,,,,,,,,,0.0,0.673,11508.4,,,,,,,,,,,,,,,,,media/66eac3e6-b911-4f64-a31f-5edf7abaa200.jpg|media/6a3a73de-120f-46ee-831e-72b502133ac6.jpg|media/ca9e9552-2e26-47ba-a0fd-05086b946588.jpg|media/1f675c73-22bd-4c99-80c0-51a381b3b623.jpg|media/b7801a81-9edb-4440-b620-0b69ad22d542.jpg|media/719a269f-87ab-48de-801d-ec2ce7ee6e2d.jpg|media/eefa3107-df53-475e-b3ca-4454db09974a.jpg|media/8e9c6760-617f-4a19-86d9-5110460ff43e.jpg
11218037096,"19 avr. 2024, 09:40:06",Dent de valerette  2,Ski de randonn√©e,Petite mont√©e random avec Jakob un vendredi. La neige √©tait incroyable pour un mois d'avril üòÅ,21780,"6,23",,,false,,,activities/11218037096.gpx,,,21780.0,5550.0,6232.8,10.44,1.123,746.4,746.4,1287.5,2030.0,50.0,-0.1,,,,,,,,,,,,,,,,,,,,,,,0.0,,0.0,,1.0,,,,,,,,,,,,,,,,,,,,,,,,,,,0.0,0.286,4675.9,,,,,,,,,,,,,,,,,media/773e92d0-f61e-4f2e-aa5a-650e245c46fc.jpg|media/6587bcc9-3a41-40d3-a081-23ce007b5683.mp4|media/4c80c57c-5116-4550-bf6b-ae17746f522e.jpg|media/b1d29968-ecca-4476-839e-4bac321b112b.jpg|media/d7eedc11-54e9-4d0e-9979-bbb81ad05c16.jpg|media/2e2df43b-2439-44d2-977b-6a573674a5c2.mp4|media/3cd237fa-30f6-4dd3-892a-8a674bff5316.jpg|media/5015bf63-9fa8-4daf-9ad9-f00e3461fd04.jpg
11231310273,"21 avr. 2024, 11:20:28",Course avec un pivert dans la t√™te,Course √† pied,"Course contre la leuc√©mie ( ou pour?)
Avec Jakob, Matt√©o et Marine",3904,"13,01",,,false,,,activities/11231310273.gpx,,,3904.0,3866.0,13011.1,4.658,3.366,0.0,4.0,373.7,378.7,6.5,0.0,,,,,,,,,,,,,,,,,,,,,,,0.0,,0.0,,1.0,13018.7,,,,,,,,,,,,,,,,,,,,,,,,,,0.0,3.333,0.0,,,,,,,,,3.367,,,,,,,,media/71b7b7a5-bb78-4849-8217-33ab7f48738d.jpg|media/6201af50-e1b9-4608-abb5-81e17ca37f66.jpg|media/a4186e48-1df3-4aa6-b4b2-397709ef4414.jpg|media/1326c874-ae75-44ce-b16c-2567e4aafde4.jpg
11237988460,"20 avr. 2024, 07:22:00",Mont√©e du bonhomme de tsapi,Ski de randonn√©e,"La deuxi√®me meilleure neige de l'ann√©e en fin d'avril, incroyable",23895,"11,33",,,false,,,activities/11237988460.fit,,,23895.0,10352.0,11331.0,9.0,1.095,1096.0,1139.0,1667.6,2818.2,49.9,0.0,,,,,,,,,,,18.0,,,,,,,,,,,,0.0,,0.0,,1.0,,,,,,,,,,,,,,,,,,,,,,,,,,,0.0,0.474,4429.9,,,,,,,,,,,,,,,,,media/5f246a53-b194-4b96-93b2-e2ec5690f626.jpg|media/3e048ec3-b6ff-4740-a718-5fe710cb69c8.jpg|media/36470221-69ce-4644-953a-9ac12fc36a1d.jpg|media/e187c698-de13-43f5-bcec-18c38b29885b.jpg|media/fcb9fec5-0437-411a-bccb-bc8206cb43c8.mp4|media/bf64338c-8de3-4900-9c5e-777ab30dabbb.jpg|media/6dcec15c-612b-4c84-a85f-a31b61b40565.jpg|media/0fd70954-c509-47e5-9446-a509fb517e65.mp4|media/dcef4d40-3eb9-445f-8d0a-2254fa379115.jpg|media/65a004b9-e94b-47ab-b069-0f29f0311614.jpg|media/3565a0d4-5c9f-4fba-8bde-fb17232c5ddf.jpg
11279015421,"27 avr. 2024, 07:18:33",Rando √† ski fin de saison jusqu'au Beaufort,Ski de randonn√©e,"Avec Jakob et Nelson, la neige est encore bonne √ßa fait aucun sens haha",19190,"10,86",,,false,,,activities/11279015421.fit,,,19190.0,9747.0,10868.6,20.28,1.115,1124.8,1392.0,1880.0,2992.5,49.0,0.0,,,,,,,,,,,,,,,,,,,,,,,0.0,,0.0,,1.0,,,,,,,,,,,,,,,,,,,,,,,,,,,0.0,0.566,1951.0,,,,,,,,,,,,,,,,,media/9ad58e9b-6bb1-44c3-9fc1-84aa8ac916e6.jpg|media/c9ed29ec-afab-430e-acfc-8c4ab7a4aa0c.jpg|media/fdd3bb9d-7eb5-46e0-a0ac-d38bbbdf2f4f.mp4|media/15592e70-32af-45e3-9253-23b9cda9f805.mp4|media/e27b39a9-ca65-45ae-a738-4033357e8b9e.mp4|media/eaa6b90e-8733-4f6b-82af-ac0dcf3032a5.jpg|media/a0845a24-37de-4001-add7-e9d31f11751c.jpg|media/869909b1-4b9d-4704-bee0-e7f3e3124954.jpg|media/c1a009fc-d243-40bd-bb4a-ea75fb2e2318.jpg|media/eda0a9c5-1337-4134-9da0-091ee84a5b5e.mp4
11324664326,"3 mai 2024, 18:52:28",Plop,Course √† pied,Trop rapide le d√©part üò¨,1536,"5,01",,,false,,,activities/11324664326.gpx,,,1536.0,1458.0,5010.0,5.604,3.436,30.8,30.8,464.5,500.9,9.5,-0.2,,,,,,,,,,,,,,,,,,,,,,,0.0,,0.0,,1.0,5025.0,,,,,,,,,,,,,,,,,,,,,,,,,,0.0,3.262,1920.1,,,,,,,,,3.447,,,,,,,,""
11343481957,"5 mai 2024, 07:22:10",Rando du simplon jusqu'au silwortuhorn,Ski de randonn√©e,"On a ski√© en mai haha, mais par contre ca partait un peu de tous les c√¥t√©s ( il y a peut-√™tre une mini avalanche que j'ai fait partir et c'est pas la coul√©e de la vid√©o üòÖ)",16683,"8,90",,,false,,,activities/11343481957.fit,,,16683.0,8410.0,8905.0,10.6,1.059,1047.0,974.0,1799.4,2842.0,49.7,0.1,,,,,,,,,,,21.0,,,,,,,,,,,,0.0,,0.0,,1.0,,,,,,,,,,,,,,,,,,,,,,,,,,,0.0,0.534,6757.0,,,,,,,,,,,,,,,,,media/00ddfd26-be22-41e3-999d-02de7b7fd2d8.jpg|media/b7308406-aa27-43ca-9357-7e0d5ea9de9d.jpg|media/6238e108-1ad5-4024-96ab-2c4c8b4850c9.jpg|media/375171a0-9356-437a-bbb3-7fc80a334c98.jpg|media/76f48689-6314-454e-867e-925728d19f79.jpg|media/7f816c44-e31e-4280-a896-bdbaa3986f83.jpg|media/d0faa66f-875c-41cc-9f20-a91316c5177b.jpg|media/5e03da28-7040-4a32-8359-ace853d41fe8.jpg|media/cf56b425-9e90-4e99-a08b-3946169831b3.jpg|media/f72ca649-06c2-47fc-8cbe-4bf7ec1fa39c.mp4|media/b79a9845-b9db-4057-9a06-0f1ad128c6ce.mp4|media/91223225-b31f-4e46-97fb-fa8150459dd2.mp4
11384866939,"9 mai 2024, 02:51:08",Rando jusqu'a la testa grisa,Ski de randonn√©e,"Dernier ski de l'ann√©, ca fait 40 sortie pour cette saison ( noice)",13866,"7,96",,,false,,,activities/11384866939.fit,,,13866.0,7303.0,7965.0,13.0,1.091,1122.0,1139.0,1931.6,3068.6,50.0,-0.1,,,,,,,,,,,18.0,,,,,,,,,,,,0.0,,0.0,,1.0,,,,,,,,,,,,,,,,,,,,,,,,,,,0.0,0.574,0.0,,,,,,,,,,,,,,,,,media/c798a535-03af-4920-a9ff-abdd31b62774.jpg|media/1882c853-93a4-43ab-acb7-24d4920e554a.mp4|media/3bfe5f62-e58b-41f3-bb40-e7b6f6a67526.jpg|media/4ed58e6e-cc18-472b-bb19-c9441fc99d6b.jpg|media/971c83b7-9dcc-4fa3-955c-02b85f749802.jpg|media/e4b7dd09-fafe-4027-913a-b640af1f266e.jpg|media/e8677ec6-1d69-4005-9ae6-0fdcdcdd9334.jpg|media/f8ec0efc-2a8f-45ca-85a1-c2b2edd0eb1b.jpg|media/69fa91d1-7206-4cdb-a2c8-f2fe6c5aad41.mp4|media/c3d6b616-6251-4cbb-8be0-812a1cd568e3.jpg
11387941973,"11 mai 2024, 17:45:30",Rando rapide jusqu'√† la teysachaux,Randonn√©e,On va regarder les aurores bor√©ales üëå,3981,"3,32",,,false,,,activities/11387941973.gpx,,,3981.0,3256.0,3321.6,2.6,1.02,707.8,0.0,1163.5,1874.8,49.6,21.4,,,,,,,,,,,,,,,,,,,,,,,0.0,,0.0,,1.0,7969.0,,,,,,,,,,,,,,,,,,,,,,,,,,0.0,0.834,1960.4,,,,,,,,,2.184,,,,,,,,media/a233f727-3d50-4fa2-bf06-f8edca70b636.jpg|media/7608daba-1ef3-43f5-9ce9-0a643dbb5db7.jpg|media/d2b6d2d0-5e9b-4d7c-a9bf-a184b52f5b81.jpg|media/06280232-36cc-4f97-a931-823ee5341c88.jpg|media/08767673-e0c9-4ee8-8d6e-b36c9eb83ec8.jpg|media/6074ce9c-8f30-42fc-a6d6-07c7a5c4d5a4.jpg|media/42bdba58-dafa-40a9-8525-83d113cb2ee8.jpg|media/13220c86-a28d-455b-94e5-b239a80a1ad4.jpg|media/d509bb60-0bf0-405e-b369-b8f94c799d77.jpg|media/22247864-9a2f-4351-bf29-3fe72f6fc22b.jpg
11466670074,"21 mai 2024, 21:05:57",En attendant godo (Jakob),Course √† pied,"",2237,"3,73",,,false,,,activities/11466670074.gpx,,,2237.0,2032.0,3735.6,4.98,1.838,201.4,198.5,661.4,856.7,47.4,-0.1,,,,,,,,,,,,,,,,,,,,,,,0.0,,0.0,,1.0,4885.2,,,,,,,,,,,,,,,,,,,,,,,,,,0.0,1.67,3263.5,,,,,,,,,,,,,,,,,media/bf3a27e2-e3d0-40bf-9786-46ec56cdb9cd.jpg|media/71cd9c0b-af7a-4fe7-a6f9-3160ce2e5092.jpg|media/2c0bedff-1a3e-41eb-b609-0d88044b9b18.jpg
11512083327,"27 mai 2024, 19:24:40",Petit footing pendant les r√©visions,Course √† pied,J'ai essay√© de respirer que avec le nez ( je sais pas si √ßa change quelque chose ),1857,"6,20",,,false,,,activities/11512083327.gpx,,,1857.0,1842.0,6206.8,4.566,3.37,40.8,42.1,464.5,500.9,8.0,0.0,,,,,,,,,,,,,,,,,,,,,,,0.0,,0.0,,1.0,6241.5,,,,,,,,,,,,,,,,,,,,,,,,,,0.0,3.342,1913.5,,,,,,,,,3.388,,,,,,,,""
11717829145,"23 juin 2024, 08:00:41",Petite course √† Lausanne,Course √† pied,"",4690,"11,97",,,false,,,activities/11717829145.gpx,,,4690.0,4297.0,11969.3,12.28,2.785,132.7,364.4,377.2,609.2,37.5,-1.9,,,,,,,,,,,,,,,,,,,,,,,0.0,,0.0,,1.0,12284.0,,,,,,,,,,,,,,,,,,,,,,,,,,0.0,2.552,293.0,,,,,,,,,2.859,,,,,,,,media/12afedb1-acdb-434f-9a58-dc837230969d.jpg|media/05494cef-eeec-4226-94bc-d91c6998a73b.jpg|media/8e536bef-776d-46ac-b212-ad48cc9d98b4.jpg
11836202019,"7 juil. 2024, 08:36:13",Rando jusqu'au grand chavelard,Randonn√©e,"Avec deux Mat, un Jakob et une Marine",33626,"17,57",,,false,,,activities/11836202019.fit,,,33626.0,17854.0,17571.0,5.4,0.984,2061.0,1938.0,887.0,2905.6,49.9,0.1,,,,,,,,,,,21.0,,,,,,,,,,,,0.0,,0.0,,1.0,,,,,,,,,,,,,,,,,,,,,,,,,,,0.0,0.523,17335.0,,,,,,,,,,,,,,,,,media/379388e6-8026-46d6-a4b8-23d909fe6437.jpg|media/fbce42af-695e-4d7c-9b29-33d12c28acfe.jpg|media/623b4a91-c8bf-40a6-87dc-ad1ea25f80d1.jpg|media/b37db023-fdb8-4396-a7ac-726711ab2384.jpg|media/fe22b675-3a43-42f9-a3aa-34b047c48772.jpg|media/f4adbe53-0b05-48cf-93ee-e9e56fa932c0.jpg|media/28765765-1407-4086-9ebe-40e7dd4de852.jpg|media/36cab75c-b95f-4fd7-952f-d27d06016118.mp4|media/b9408eb8-e48d-4518-bea0-97d37168f923.jpg|media/1f68e713-b1ee-406d-958e-fc77e937f6c2.jpg
11838824188,"8 juil. 2024, 15:57:00",Via de Fort l'ecluse sur un coup de t√™te,Randonn√©e,"",1863,"1,18",,,false,,,activities/11838824188.gpx,,,1863.0,897.0,1180.8,4.892,1.316,181.1,207.8,433.0,600.0,49.7,-1.8,,,,,,,,,,,,,,,,,,,,,,,0.0,,0.0,,1.0,,,,,,,,,,,,,,,,,,,,,,,,,,,0.0,0.634,1102.5,,,,,,,,,,,,,,,,,media/875e6403-81e7-4aa5-a6dc-1ba11b24c432.jpg
11863145261,"11 juil. 2024, 06:44:19",Rando Haud√®re‚ÜíMoiry‚Üícorne de Sorebois‚ÜíGrimentz,Randonn√©e,C'est pas un trail ( les momoches ont souffert),26222,"25,00",,,false,,,activities/11863145261.fit,,,26222.0,17550.0,25004.0,5.2,1.425,2180.0,2014.0,1456.0,2902.2,49.1,0.6,,,,,,,,,,,25.0,,,,,,,,,,,,0.0,,0.0,,1.0,41168.7,,,,,,,,,,,,,,,,,,,,,,,,,,0.0,0.954,22463.0,,,,,,,,,2.517,,,,,,,,media/458ca7b3-4c73-4440-9887-7bfe225171df.jpg|media/5bb4da01-d971-4627-a1f0-d001540c587e.jpg|media/e749fcd4-8317-4004-9aa5-34ae5f605f5a.jpg|media/8ee9c798-d08e-4c76-a0ca-f1c19eb31c31.jpg|media/06650e80-98c2-4b12-860d-34075c6c3bdb.jpg|media/28307e1d-b32b-4a48-a1c6-5588f5d9bcb7.jpg|media/eeab7487-7a5e-4aa5-b5a7-bcca98185d86.jpg|media/b2e8822b-f6db-40a6-9ced-e091caae594f.jpg|media/c5337d44-73c5-4b50-bc96-a4886f987606.jpg
11887728837,"14 juil. 2024, 11:18:45",Via ferrata en face du mont blanc,Randonn√©e,"",8913,"3,33",,,false,,,activities/11887728837.fit,,,8913.0,3259.0,3333.0,2.8,1.023,314.0,333.0,1079.8,1401.6,50.0,0.0,,,,,,,,,,,28.0,,,,,,,,,,,,0.0,,0.0,,1.0,,,,,,,,,,,,,,,,,,,,,,,,,,,0.0,0.374,3230.0,,,,,,,,,,,,,,,,,media/31fa87fa-1fac-425f-9c7d-554c304b5f2c.jpg|media/9a3d6c98-de7b-46ce-a7b2-20e7059b7e9d.mp4|media/3a2b3030-c80b-4044-a440-976643c6cb58.jpg
11918310586,"16 juil. 2024, 07:26:45",Marche d'approche jusqu'√† la cabane du Grand Mountet,Randonn√©e,On a test√© le matos d'alpi sur le glacier de zinal üëå,25213,"12,88",,,false,,,activities/11918310586.fit,,,25213.0,14746.0,12883.0,2.6,0.874,1369.0,259.0,1678.6,2891.0,50.0,9.4,,,,,,,,,,,26.0,,,,,,,,,,,,0.0,,0.0,,1.0,,,,,,,,,,,,,,,,,,,,,,,,,,,0.0,0.511,11866.0,,,,,,,,,,,,,,,,,media/5a62a3b1-fdf2-4ef8-ab40-da2c2536e820.jpg|media/97ba3e64-0fa5-4a7f-939d-0d088fd85902.jpg|media/24a66671-4ead-498a-acfe-66065a614f4c.jpg|media/8300ba05-256e-4773-9b0a-3bb2015f2d3d.jpg|media/2c1cff2b-8131-4bb2-8383-75c060d30ea8.jpg|media/8db996ce-657d-4a09-a306-fa6b1575475d.jpg|media/0e19292f-b40e-4413-bfba-a78cf69ca48a.jpg|media/a48f0a0e-4f2c-43a2-9d85-f99ab231bbc8.jpg|media/cea9d242-27f9-497f-852f-018deb641611.jpg|media/efe3f183-a78b-42ba-b6bc-fc83f0b94f51.mp4
11918316127,"17 juil. 2024, 03:56:43",Le Trifthorn,Randonn√©e,6 ans apr√®s avoir abandonn√© l'ascension avec la cord√©e voila chose faite üëå,23497,"7,25",,,false,,,activities/11918316127.fit,,,23497.0,11003.0,7249.0,10.46,0.659,899.0,919.0,2885.4,3715.0,50.0,-0.2,,,,,,,,,,,23.0,,,,,,,,,,,,0.0,,0.0,,1.0,,,,,,,,,,,,,,,,,,,,,,,,,,,0.0,0.309,4481.9,,,,,,,,,,,,,,,,,media/efa719f0-90dc-4937-92a5-141c362bc453.jpg|media/237f025f-05bb-4058-9944-7065d3a1edc6.jpg|media/17679443-d3ca-4047-b61d-eccd29f0bc00.jpg|media/766cda71-9259-44af-908a-6fbab52f729c.jpg|media/f67562f9-9abb-4f5b-8628-bbd537fb9755.jpg|media/2bdfa5f9-17d2-45ef-a0c6-994e27e21679.jpg|media/8f77dc02-9e06-477e-9ab7-a9932365ca97.jpg|media/a20a2fca-2c45-4c2f-a9e7-fde992e007f3.jpg|media/0c5a5cb5-903a-48ce-a8af-bc75acf10e6d.jpg|media/25770462-f853-4c09-913f-56e4b452e0f4.mp4|media/bd1b7dd0-c99c-4ab5-be63-9de1eb6a8099.jpg|media/92b380b6-deba-4915-9d0c-7893cdd94775.jpg|media/16c5b2fe-ad0d-40f9-86d0-0768bf36c5e2.jpg
11918318934,"17 juil. 2024, 12:12:50",Retour Zinal,Randonn√©e,Fatigu√© üò¥,11771,"10,84",,,false,,,activities/11918318934.fit,,,11771.0,9010.0,10841.0,13.867,1.203,137.0,1315.0,1702.2,2878.4,47.6,-10.8,,,,,,,,,,,25.0,,,,,,,,,,,,0.0,,0.0,,1.0,,,,,,,,,,,,,,,,,,,,,,,,,,,0.0,0.921,10507.0,,,,,,,,,,,,,,,,,media/d7f120f1-5e2c-4fab-9be3-f865eace415a.jpg|media/05710bc5-d7ee-4ab0-8ea1-166f7085eeb9.jpg|media/98d3325d-4d0e-4259-ab29-9004235cbea2.jpg|media/4a18e1a1-67a9-47d2-89f1-bbeb5ddec81b.jpg|media/b7ebc2c6-5c9f-4166-8e42-a266c769609b.jpg
11921288755,"18 juil. 2024, 16:21:15",Bivouac avec mat,Randonn√©e,,5260,"4,01",,,false,,,activities/11921288755.gpx,,,5260.0,3549.0,4011.3,3.11,1.13,130.7,130.7,1456.4,1651.2,41.9,-1.6,,,,,,,,,,,,,,,,,,,,,,,0.0,,0.0,,1.0,,,,,,,,,,,,,,,,,,,,,,,,,,,0.0,0.763,0.0,,,,,,,,,,,,,,,,,""
11925363990,"19 juil. 2024, 06:39:14",Bivouac retour,Randonn√©e,,5147,"4,09",,,false,,,activities/11925363990.gpx,,,5147.0,3940.0,4098.4,2.894,1.04,245.9,245.9,1603.6,1833.1,45.0,0.3,,,,,,,,,,,,,,,,,,,,,,,0.0,,0.0,,1.0,,,,,,,,,,,,,,,,,,,,,,,,,,,0.0,0.796,2094.9,,,,,,,,,,,,,,,,,""
11928448821,"19 juil. 2024, 14:57:31",Plop,Randonn√©e,"",3743,"1,32",,,false,,,activities/11928448821.gpx,,,3743.0,1228.0,1324.6,4.159,1.079,217.4,243.6,426.9,600.0,49.8,-1.6,,,,,,,,,,,,,,,,,,,,,,,0.0,,0.0,,1.0,,,,,,,,,,,,,,,,,,,,,,,,,,,0.0,0.354,1120.1,,,,,,,,,,,,,,,,,media/4ee92436-215e-44a8-a34b-a23b3fe8c592.jpg|media/871f55c7-dd47-4bb0-b828-65f2071433c4.jpg|media/419107ff-8366-4859-90b1-8f266890a3c6.jpg
12003706450,"28 juil. 2024, 12:26:01","Via ferrata, j'ai plus de doigts",Randonn√©e,La tyrolienne √©tait de trop üò¨,10694,"2,70",,,false,,,activities/12003706450.gpx,,,10694.0,3221.0,2700.9,6.856,0.839,202.0,209.7,255.7,381.6,49.2,-0.2,,,,,,,,,,,,,,,,,,,,,,,0.0,,0.0,,1.0,,,,,,,,,,,,,,,,,,,,,,,,,,,0.0,0.253,716.7,,,,,,,,,,,,,,,,,media/117ab5bf-0ab0-43be-8df9-95860b576fea.jpg|media/690d363e-b947-4a3e-a701-7954088c6960.jpg|media/e1a91eb8-44cf-4f2d-8e8d-417edd32f761.jpg|media/b4fd9420-73a6-4902-912a-316851d91128.jpg
12125425214,"11 ao√ªt 2024, 08:24:14",Ballade du dimanche √† Barca,Marche,"",10467,"11,52",,,false,,,activities/12125425214.fit,,,10467.0,8930.0,11522.2,12.157,1.29,73.6,69.2,16.6,68.2,25.2,0.0,,,,,,,,,,,,,,,,,,,,,,,0.0,,0.0,,1.0,,,,,,,,,,,,,,,,,,,,,,,,,,,0.0,1.101,265.9,,,,,,,,,,,,,,,,,media/fe239799-94d2-4400-9ee6-0211c28b9c16.jpg|media/c4c0d23c-2d82-4cd2-85c8-8cfe74af23f6.jpg
12189868271,"19 ao√ªt 2024, 15:51:42",Je me faisais chier,V√©lo,Sympa le vent de face,11287,"70,15",,,false,,,activities/12189868271.gpx,,,11287.0,9432.0,70149.5,12.41,7.437,368.1,368.1,375.4,481.7,15.3,0.0,,,,,,,,,,,,,,,,,,,,,,,0.0,,0.0,,1.0,,,,,,,,,,,,,,,,,,,,,,,,,,,0.0,6.215,551.1,,,,,,,,,,,,,,,,,media/a04dcdde-9809-4f15-a40f-bd2303d00aae.jpg
12214166199,"22 ao√ªt 2024, 09:55:05",Rando lac blanc avec la famille hongroise,Randonn√©e,,17203,"7,46",,,false,,,activities/12214166199.gpx,,,17203.0,7489.0,7459.6,3.22,0.996,569.7,569.8,1866.8,2386.8,49.7,0.0,,,,,,,,,,,,,,,,,,,,,,,0.0,,0.0,,1.0,,,,,,,,,,,,,,,,,,,,,,,,,,,0.0,0.434,7459.6,,,,,,,,,,,,,,,,,media/766ba920-c465-4f73-a7d4-95455c30cbb5.jpg|media/5d21a64d-5930-4286-b56c-9c9725ac3a90.jpg|media/bdea91da-8956-4236-aeed-ac5e2aef81c0.mp4
12273039980,"29 ao√ªt 2024, 08:50:39",Visite de Palma en attendant Jakob,Marche,,17949,"7,79",,,false,,,activities/12273039980.gpx,,,17949.0,6117.0,7798.9,4.653,1.275,45.7,45.7,3.6,31.7,48.5,-0.1,,,82.0,53.0,,,,,,,,,,,,,,,,,,,0.0,,0.0,,1.0,,,,,,,,,,,,,,,,,,,,,,,,,,,0.0,0.435,0.0,,,,11824.0,,,,,,,,,,,,,media/e28b54f1-6b84-42d8-a214-1addec518776.jpg|media/8727d283-c454-4a09-91d3-eaf37e3a10bd.jpg|media/2ab38ef9-240f-4fc7-9dd2-e0b6af48cd9a.jpg|media/af74a287-e33f-444d-bf60-a132f9209062.jpg|media/0daaef43-e98c-453a-98d1-61e0fc3aea0c.jpg|media/2212ec4c-3c28-4d36-9324-33b4ff9a4d9e.jpg
12389630248,"8 sept. 2024, 04:18:02",Mont√©e matinale au shilthorn,Randonn√©e,"Oui j'ai une t√™te de con, mais c'est parce qu'on est rentr√© la veille au soir de Majorque et qu'on a dormi 2h üò¨",22993,"10,53",,,false,,,activities/12389630248.fit,,,22993.0,12250.0,10535.0,2.909,0.86,1431.0,408.0,1650.4,2967.6,49.9,9.6,,,,,,,,,,,20.0,,,,,,,,,,,,0.0,,0.0,,1.0,,,,,,,,,,,,,,,,,,,,,,,,,,,0.0,0.458,10535.0,,,,,,,,,,,,,,,,,media/8c78550b-bfc1-4205-a3d2-c9e8faa239a2.jpg|media/116a3049-135c-4ac3-9d6f-3d0a3fb65eef.jpg|media/afd6053b-3833-49a8-88a4-68c4448c3de5.mp4|media/cf930262-b08c-4df9-86d9-7c53afc69e61.jpg|media/4f66796b-7c7f-4e2c-afca-b15b7512a21c.jpg
12394462510,"12 sept. 2024, 18:38:57",Tennis tout seul au grand Donzel yay,Entra√Ænement,,1668,"0,98",,,false,,,activities/12394462510.gpx,,,1668.0,1036.0,979.6,3.78,0.946,0.0,0.0,421.6,423.6,6.5,0.0,,,,,,,,,,,,,,,,,,,,,,,0.0,,0.0,,1.0,,,,,,,,,,,,,,,,,,,,,,,,,,,0.0,0.587,0.0,,,,,,,,,,,,,,,,,""
12433483382,"15 sept. 2024, 08:10:29",Rando Slov√©nie √©court√©√©,Randonn√©e,"Monsieur Boris a d√©cid√© de souffler √† plus de 100km/h du coup on √† pas pu aller jusqu'√† la cabane pour y dormir, snif üò¢",33712,"12,93",,,false,,,activities/12433483382.fit,,,33712.0,19464.0,12935.2,2.163,0.665,1589.0,1437.0,592.6,1972.4,49.9,0.2,,,,,,,,,,,,,,,,,,,,,,,0.0,,0.0,,1.0,,,,,,,,,,,,,,,,,,,,,,,,,,,0.0,0.384,12938.0,,,,,,,,,,,,,,,,,media/7f1f9016-791f-48e7-9e7a-c2388ee4769b.mp4|media/0f4748d6-77ce-47e4-94a0-c89f1eb29158.mp4|media/67195305-f7ff-48e6-bc3e-032967b904d5.mp4|media/11dde4c4-1d82-4e00-89cc-3bff6ce57658.jpg|media/ba74c51b-326d-454f-8250-77bfd9c48ee1.mp4|media/f442b531-c43f-40cf-83f8-55ca75ba7f96.jpg|media/d9a74093-54ca-47bf-a728-eae76d29ef54.jpg
12494455209,"24 sept. 2024, 17:14:20",Ballade nocturne √† Montreux,V√©lo,,3765,"32,51",,,false,,,activities/12494455209.gpx,,,3765.0,3629.0,32509.0,13.76,8.958,135.9,135.9,376.5,406.5,6.8,-0.1,,,,,,,,,,,,,,,,,,,,,,,0.0,,0.0,,1.0,,,,,,,,,,,,,,,,,,,,,,,,,,,0.0,8.635,513.6,,,,,,,,,,,,,,,,,media/113676d6-c8f3-4591-9bf3-ae882d45820b.jpg|media/baa5ea4f-e6cf-4d60-8acb-5de933b2f2e3.jpg|media/fd43f6ec-a80b-479d-9590-2f7b54603e18.jpg|media/88aa1c27-bc79-4350-b380-c0bf90bc0090.jpg
12525424216,"28 sept. 2024, 14:55:53",Petite via sous la pluie,Randonn√©e,Mon genoux est officiellement foutu üëå,5780,"1,35",,,false,,,activities/12525424216.gpx,,,5780.0,1166.0,1358.2,4.864,1.165,423.1,423.1,621.9,799.5,49.8,0.1,,,103.0,51.0,,,,,,,,,,,,,,,,,,,0.0,,0.0,,1.0,,,,,,,,,,,,,,,,,,,,,,,,,,,0.0,0.235,1153.4,,,,1390.0,,,,,,,1390.0,,,,,,media/bbac60eb-17b2-4c8d-961d-ec9d5de246f9.mp4|media/c9f5b370-179b-4059-be42-98ebc65689d3.jpg|media/85942de2-0257-4a73-b973-1ebf050cf43b.jpg
12558774428,"2 oct. 2024, 17:23:17",Aie,Course √† pied,"Bon, la limite du genoux est de 7km avec une allure de papy üëç",2821,"7,38",,,false,,,activities/12558774428.gpx,,,2821.0,2647.0,7382.0,4.566,2.789,6.6,6.6,375.1,379.1,4.6,0.0,,,90.0,76.0,,,,,,,,,,,,,,,,,,,0.0,,0.0,,1.0,7396.8,,,,,,,,,,,,,,,,,,,,,,,,,,0.0,2.617,5635.7,,,,6872.0,,,,,2.794,,,,,,,,""
12596328338,"5 oct. 2024, 08:37:02",Une sympathique arr√™te jusqu'au Cape au Moine,Randonn√©e,Petit entra√Ænement pour les man≈ìuvres d'alpi,28887,"5,83",,,false,,,activities/12596328338.fit,,,28887.0,5342.0,5835.0,2.6,1.092,687.0,655.0,1514.0,1944.2,50.0,0.0,,,,,,,,,,,22.0,,,,,,,,,,,,0.0,,0.0,,1.0,,,,,,,,,,,,,,,,,,,,,,,,,,,0.0,0.202,5002.7,,,,,,,,,,,,,,,,,media/ada8c9b0-1411-4561-98c5-6c4e6c398b78.jpg|media/dc8a654f-3db4-4bd4-8659-86f396a1b99a.mp4|media/9b8a7ec6-2307-4f89-b1fb-9f0436c97cf5.jpg|media/4688f51b-cd9a-4ac4-befb-395fdda257a5.mp4|media/f4b3d37f-049f-4d12-b1d4-062f33f462aa.mp4|media/e08a76e3-57fb-4426-8844-8f2857342f01.mp4|media/f4a9800c-be6a-4369-bc8b-9c73c28d0423.jpg|media/517453b2-e750-466c-918e-eba2c79cbea2.jpg|media/3792dbea-334d-44db-9b46-20fa13e56bf7.mp4
12637782252,"12 oct. 2024, 13:00:40",Petite rando dans les gorges avec les parents,Randonn√©e,,5427,"2,55",,,false,,,activities/12637782252.gpx,,,5427.0,2900.0,2550.4,7.34,0.879,220.5,217.2,1379.6,1593.6,46.9,0.1,,,79.0,47.0,,,,,,,,,,,,,,,,,,,0.0,,0.0,,1.0,,,,,,,,,,,,,,,,,,,,,,,,,,,0.0,0.47,2550.4,,,,3614.0,,,,,,,3614.0,,,,,,media/4f9c5bc0-4af1-4365-bedd-b11236a7d087.jpg|media/9a815969-948b-4774-9dd7-7c187a0bf903.jpg
12704429073,"20 oct. 2024, 08:59:10",Sympathique mutli pitch au Rocher plat,Escalade,"Juste √† cot√© du rocher pourri hehe, grimpe easy en max 4c mais c'est cool on s'entra√Æne pour √™tre efficace aix man≈ìuvres üëå. (Uptade du genoux, toujours pas bon, mais il y a du mieux üòÖ)",22701,"5,71",,,false,,,activities/12704429073.fit,,,22701.0,6429.0,5714.0,2.8,0.889,770.0,804.0,1521.2,2264.0,50.0,0.1,,,,,,,,,,,23.0,,,,,,,,,,,,0.0,,0.0,,1.0,,,,,,,,,,,,,,,,,,,,,,,,,,,0.0,0.252,2828.0,,,,,,,,,,,,,,,,,media/444050da-2386-4d2f-b31a-eab19056a2da.jpg|media/4a9ad1a5-7c99-4f13-ae13-f0ff0a7638d1.mp4|media/70909492-2c1a-4f94-9026-3fdab5ac4d40.jpg|media/9e4d13d4-57c7-469e-9324-8c9cd7207dc8.jpg|media/0c208821-0576-4871-a888-85a672c4f635.mp4|media/1f863bda-23fe-4c01-9ab3-8a281998b239.jpg|media/cc51848d-2af9-4b31-b0f3-89fb66c4c4c6.jpg|media/c271a2f9-1e08-44e9-b46d-7f5fc71773bd.jpg|media/411b5090-4c1c-4abe-98e2-df94f23bf96e.jpg
12719544547,"22 oct. 2024, 16:03:52",Petite sortie √† la Tour de Gourze,V√©lo,"Sympa la pente √† 22% üò¨, le petit km de danseuse qui met bien",8954,"34,65",,,false,,,activities/12719544547.gpx,,,8954.0,7705.0,34649.7,17.134,4.497,311.4,769.4,376.3,927.4,36.2,0.0,,,,,,,,,,,,,,,,,,,,,,,0.0,,0.0,,1.0,,,,,,,,,,,,,,,,,,,,,,,,,,,0.0,3.87,814.5,,,,,,,,,,,,,,,,,media/288e5712-7a4c-4ece-91f2-d5324208eaae.jpg|media/ac12b6f4-9229-45f2-9bd6-dc2be5d31240.jpg|media/1e8077ed-3303-4c64-a993-f938421ac89c.jpg
12838055678,"5 nov. 2024, 19:35:32","Gross bigerhorn, camping + sommet",Randonn√©e,"Je pense que j'ai pass√© autant de temps √† chercher le chemin dans le noir et la neige qu'√† marcher. Mais la vue est incroyable, note √† soi-m√™me ne pas le faire en novembre üòÇ
C'est la plus haut rando balis√© d'europe il me semble (3626m)",75394,"23,44",,,false,,,activities/12838055678.gpx,,,75394.0,27482.0,23440.4,6.34,0.853,2685.3,2143.7,1096.2,3536.2,50.0,2.3,,,105.0,49.0,,,,,,,,,,,,,,,,,,,0.0,,0.0,,1.0,,,,,,,,,,,,,,,,,,,,,,,,,,,0.0,0.311,20089.5,,,,33686.0,,,,,,,33686.0,,,,,,media/60317c8f-91cd-49ad-a5d8-a65b89844ded.jpg|media/a995feb8-ca74-429e-8e03-54847daed9e6.jpg|media/84742efb-5788-4c69-9eb5-6ed195d669ad.jpg|media/0002547e-1e67-4f4b-816b-a028980eaf9c.jpg|media/06a8a7c0-40e3-4284-bef5-8777a6234c40.mp4|media/10773916-d668-4b2d-98f2-4c32f6d94a28.jpg|media/a71c1d20-15bb-4c84-863b-c874d7cc9e13.jpg|media/0c8d4b31-50f2-4fdf-b5db-42be3e02cff5.jpg|media/7c09757d-41e3-4078-bd5c-075fc9d703e9.mp4|media/3b747cbd-1bc5-409d-a608-de6b93561dc9.jpg|media/9ad948dc-74ef-4652-b99f-a72161088ed6.mp4|media/cbeba74f-ae9a-40c4-8f5b-83106e9058ce.mp4
12879065706,"11 nov. 2024, 21:42:57",Footing sous la pluie,Course √† pied,,1465,"5,03",,,false,,,activities/12879065706.gpx,,,1465.0,1465.0,5036.9,5.74,3.438,0.0,0.0,404.5,404.8,1.0,0.0,,,85.0,76.0,,,,,,,,,,,,,,,,,,,0.0,,0.0,,1.0,5039.5,,,,,,,,,,,,,,,,,,,,,,,,,,0.0,3.438,4557.7,,,,3730.0,,,,,3.44,,,,,,,,""
12927530516,"17 nov. 2024, 08:07:32",Chemin aller pour saint loup,V√©lo,C'est lourd une corde en vrai,8089,"26,19",,,false,,,activities/12927530516.fit,,,8089.0,4072.0,26197.0,17.2,6.433,366.0,237.0,376.8,575.2,32.1,0.5,,,,,,,,,,,11.0,,,,,,,,,,,,0.0,,0.0,,1.0,,,,,,,,,,,,,,,,,,,,,,,,,,,0.0,3.239,1184.6,,,,,,,,,,,,,,,,,""
12927537803,"17 nov. 2024, 15:34:44",Retour de saint loup,V√©lo,"",4295,"25,79",,,false,,,activities/12927537803.fit,,,4295.0,3816.0,25797.0,16.2,6.76,214.0,340.0,375.2,513.2,15.0,-0.5,,,,,,,,,,,10.0,,,,,,,,,,,,0.0,,0.0,,1.0,,,,,,,,,,,,,,,,,,,,,,,,,,,0.0,6.006,954.8,,,,,,,,,,,,,,,,,media/6d88fa01-5b06-43fd-8965-e0d0f0de69bb.mp4|media/b2b75c6e-1535-41ac-96d3-35f9ffd593b8.jpg
12947314707,"19 nov. 2024, 09:32:43",Cima bianca + refuge Reboulaz,Randonn√©e,On √©tait pas pr√™t pour la neige du jour d'apr√®s üòÇ,24256,"17,02",,,false,,,activities/12947314707.fit,,,24256.0,18956.0,17023.7,2.514,0.898,1589.0,885.0,1876.2,3022.6,49.5,4.1,,,,,,,,,,,,,,,,,,,,,,,0.0,,0.0,,1.0,,,,,,,,,,,,,,,,,,,,,,,,,,,0.0,0.702,16488.6,,,,,,,,,,,,,,,,,media/790575be-9e8d-4b7c-b3fb-ffdec48428ea.jpg|media/4737a492-7c2d-4254-91ae-0f26c63ca38e.jpg|media/7a57e720-73bc-41df-8e39-178df640e6e3.jpg|media/5c25b577-419c-4c71-a590-178b8464f0c8.jpg|media/ed97c762-d845-4953-9047-1d73739525c8.jpg|media/0d5d86a5-eee3-4fa5-984d-97161553a727.mp4|media/861e1062-f000-449d-afc4-33b644416ff5.jpg|media/0001db20-b7c0-4a14-9e35-8efb77681989.jpg|media/1cd4e732-3203-4678-9d4a-227f5befec53.jpg|media/f2433c0c-5a05-48bb-8ed2-ed6ad0b59726.jpg
12947399471,"20 nov. 2024, 09:11:40",Redescente vachement enneig√©e,Randonn√©e,"L'eau √ßa mouille, la neige pas tant que √ßa en vrai",11658,"8,60",,,false,,,activities/12947399471.fit,,,11658.0,9919.0,8608.9,2.78,0.868,56.0,739.0,1878.2,2579.0,43.0,-8.1,,,,,,,,,,,,,,,,,,,,,,,0.0,,0.0,,1.0,,,,,,,,,,,,,,,,,,,,,,,,,,,0.0,0.738,7582.2,,,,,,,,,,,,,,,,,media/d6eee250-8be8-4f1d-8e1c-8f03cede5f63.jpg|media/a48f0c2d-a9cc-4ae8-81c3-96ec129e7173.jpg|media/22db5430-6e8f-4566-8e02-fa7b1b0e585e.jpg|media/02d13dea-6fa2-45a9-b0bc-06fa72fa0009.mp4|media/20ae8cd0-ab9e-4708-910c-8f7d761997b6.jpg|media/2d41475a-817a-4a22-836c-09d09af20b26.mp4|media/eae48a35-b45d-45de-9c08-eed22a4070d1.mp4|media/94310449-30fc-4fc6-b199-6349cd59365b.mp4|media/ce69ea10-fb27-4325-94aa-2cfc3a6d68f7.jpg|media/24dd3aaa-ebcb-4c2b-9898-fb6ae0549fd5.jpg|media/e230be3c-bd23-4ffb-b642-646d6769bb14.mp4|media/a0634933-c3cd-4a55-8339-566e4a6bfcad.jpg|media/c8b296cf-ce47-4f4f-b83b-78ac62706f9e.jpg
12965598599,"23 nov. 2024, 12:12:14",Histoire de se d√©gourdir les jambes,Randonn√©e,Belle vue avec toute la team ,8289,"3,72",,,false,,,activities/12965598599.gpx,,,8289.0,4561.0,3723.7,3.06,0.816,487.4,487.4,993.1,1492.8,50.0,-0.2,,,84.0,50.0,,,,,,,,,,,,,,,,,,,0.0,,0.0,,1.0,,,,,,,,,,,,,,,,,,,,,,,,,,,0.0,0.449,3696.6,,,,5904.0,,,,,,,5904.0,,,,,,media/9fc4680e-7537-4253-80a9-3a7b48e495a5.jpg|media/e8fd0342-04a4-4774-bf3b-6ee41a555c46.jpg|media/d1ccbff1-0e2a-44c5-8a97-a1fd679fa415.jpg|media/18130519-eaad-493b-9eb8-a4abdab08a11.jpg|media/1f295e42-ae2a-4872-ab0a-a0abf52f0ece.jpg
13038170146,"3 d√©c. 2024, 15:17:50",V√©lo Decathlon,V√©lo,"",568,"2,60",,,false,,,activities/13903765924.gpx.gz,,,568.0,489.0,2600.0,10.085,5.317,44.2,20.4,398.6,426.0,14.5,1.0,,,,,,,,,,,,,,,,,,,,,,,0.0,,0.0,,1.0,,,,,,,,,,,,,,,,,,,,,,,,,,,0.0,4.577,0.0,,,,,,,,,,,,,,,,,""
13038993017,"3 d√©c. 2024, 17:20:43",V√©lo,V√©lo,"",649,"2,38",,,false,,,activities/13904649711.gpx.gz,,,649.0,420.0,2387.4,12.26,5.684,18.2,36.0,398.2,425.4,24.7,-0.6,,,,,,,,,,,,,,,,,,,,,,,0.0,,0.0,,1.0,,,,,,,,,,,,,,,,,,,,,,,,,,,0.0,3.679,0.0,,,,,,,,,,,,,,,,,""
13047007606,"4 d√©c. 2024, 18:17:52",Randonn√©e du mercredi,V√©lo,"",909,"4,02",,,false,,,activities/13913127631.gpx.gz,,,909.0,829.0,4025.5,9.021,4.856,123.4,2.8,366.6,492.4,10.0,3.1,,,,,,,,,,,,,,,,,,,,,,,0.0,,0.0,,1.0,,,,,,,,,,,,,,,,,,,,,,,,,,,0.0,4.428,0.0,,,,,,,,,,,,,,,,,""
13049349381,"5 d√©c. 2024, 01:24:57",V√©lo,V√©lo,"",859,"6,62",,,false,,,activities/13915603571.gpx.gz,,,859.0,840.0,6622.2,11.99,7.884,16.4,148.0,373.4,505.0,3.7,-2.0,,,,,,,,,,,,,,,,,,,,,,,0.0,,0.0,,1.0,,,,,,,,,,,,,,,,,,,,,,,,,,,0.0,7.709,0.0,,,,,,,,,,,,,,,,,""
13050713941,"5 d√©c. 2024, 09:18:17",Randonn√©e du jeudi,V√©lo,"",290,"2,18",,,false,,,activities/13917092225.gpx.gz,,,290.0,290.0,2181.5,10.465,7.522,7.8,13.8,357.0,370.8,27.3,-0.3,,,,,,,,,,,,,,,,,,,,,,,0.0,,0.0,,1.0,,,,,,,,,,,,,,,,,,,,,,,,,,,0.0,7.522,0.0,,,,,,,,,,,,,,,,,""
13053499886,"5 d√©c. 2024, 17:24:55",V√©lo,V√©lo,"",1029,"4,48",,,false,,,activities/13920093688.gpx.gz,,,1029.0,980.0,4483.6,7.98,4.575,151.4,0.0,365.2,516.6,20.7,3.4,,,,,,,,,,,,,,,,,,,,,,,0.0,,0.0,,1.0,,,,,,,,,,,,,,,,,,,,,,,,,,,0.0,4.357,0.0,,,,,,,,,,,,,,,,,""
13055309699,"5 d√©c. 2024, 22:22:19",V√©lo,V√©lo,"",2125,"7,43",,,false,,,activities/13922004466.gpx.gz,,,2125.0,1009.0,7435.8,12.81,7.369,35.4,140.4,393.6,512.0,3.9,-1.4,,,,,,,,,,,,,,,,,,,,,,,0.0,,0.0,,1.0,,,,,,,,,,,,,,,,,,,,,,,,,,,0.0,3.499,0.0,,,,,,,,,,,,,,,,,""
13096701273,"11 d√©c. 2024, 09:47:07",Bec de montau,Ski de randonn√©e,"Dommage, on a rat√© le coucher de soleil [strava://athletes/72708204/8]Matt√©o S  üòÇ",21945,"14,56",,,false,,,activities/13096701273.fit,,,21945.0,10906.0,14567.0,11.8,1.336,1380.0,1319.0,1515.2,2917.8,50.0,-0.2,,,,,,,,,,,16.0,,,,,,,,,,,,0.0,,0.0,,1.0,,,,,,,,,,,,,,,,,,,,,,,,,,,0.0,0.664,102.0,,,,,,,,,,,,,,,,,media/7d844e53-b3b7-403b-86f6-628933488d86.jpg|media/8ecc9753-3965-4067-b26c-09c3e2dc3b1e.jpg|media/454067f6-1d76-44ba-bee7-3b46cc992968.jpg|media/1e2312d6-2bdb-4ea7-a4d1-81a5f0d780fc.jpg|media/8851c6d3-99a9-460c-bb1a-f9e9344f65c2.jpg|media/40ab30b5-4a4c-4d74-9897-410f3b1471c5.jpg|media/c9cf45eb-339a-4e0f-a814-e9bacb711bb0.jpg|media/61931456-46b7-48b7-b12c-b8c4f66aa4b5.mp4|media/f8cfe3d7-a15a-42c0-9e00-150c2debea5a.mp4|media/73b131ee-da2f-40aa-8c44-f52aa761de2b.mp4
13145326585,"18 d√©c. 2024, 22:50:37",Ca tourne en rond,Course √† pied,"",1399,"5,01",,,false,,,activities/13145326585.gpx,,,1399.0,1378.0,5014.7,4.84,3.639,0.0,0.0,404.5,404.8,1.4,0.0,,,81.0,76.0,,,,,,,,,,,,,,,,,,,0.0,,0.0,,1.0,5017.3,,,,,,,,,,,,,,,,,,,,,,,,,,0.0,3.584,4516.1,,,,3514.0,,,,,3.641,,,,,,,,media/aa04d3e3-efb2-4b8f-b7a3-244d11b700e3.jpg
13156387864,"20 d√©c. 2024, 08:37:12",Hop tour pas comme pr√©vu,Ski de randonn√©e,Ski de rando sans la partie ski haha. Manque de neige et un peu mauvais choix d'endroits li√© au risque d'avalanche. N√©anmoins tr√®s sympathique et bonne ambiance üòÅ,20287,"13,50",,,false,,,activities/13156387864.fit,,,20287.0,9690.0,13508.0,8.6,1.394,822.0,821.0,1479.8,2254.2,49.9,-0.1,,,,,,,,,,,21.0,,,,,,,,,,,,0.0,,0.0,,1.0,,,,,,,,,,,,,,,,,,,,,,,,,,,0.0,0.666,1785.0,,,,,,,,,,,,,,,,,media/b025312a-f54c-4ff1-83ed-130b4b939ac0.jpg|media/026c5fdc-5a51-478e-bd82-d3f45bcb8001.jpg|media/a60b1aae-b5b8-4b7f-b51a-7f0f204c438f.jpg|media/5af786ee-aaf4-431f-a58e-3f4af9f50716.jpg|media/bcbf656e-6ecd-4e96-b9bd-8eed0c9282cd.jpg|media/a30c6fdf-3a03-4929-85a3-a293936f2a00.jpg|media/08a3d3e8-91c3-4170-b930-d5f1cf3c6ef4.jpg|media/419d2699-3c4c-41ca-a039-648fa6d64f0c.jpg|media/d0386830-e498-46c9-bafd-bc44eedf1202.jpg|media/bf630cb6-0469-4b8a-bb61-5c6a6dcf3339.jpg|media/a2cc71dd-4f2c-4bce-ba0f-985f6eda2710.mp4|media/924826af-bec0-43ca-a040-96715b88d353.mp4
13233648115,"31 d√©c. 2024, 05:59:06","Col des ""povres"" fini en pointe d'Euzane",Ski de randonn√©e,"",19518,"14,50",,,false,,,activities/13233648115.fit,,,19518.0,11006.0,14501.7,8.76,1.318,1237.0,1247.0,1062.4,2327.0,49.4,-0.1,,,,,,,,,,,13.0,,,,,,,,,,,,0.0,,0.0,,1.0,,,,,,,,,,,,,,,,,,,,,,,,,,,0.0,0.743,11058.3,,,,,,,,,,,,,,,,,media/47d0a35c-1918-4c3d-830f-5ccce10a6141.jpg|media/8adb1b9e-1cd1-47a7-b6ab-d2909114630d.jpg|media/577ebf38-2ac9-4312-9838-65a55aa1ca59.jpg|media/cbcaeac1-71c7-4f7b-89e5-c9c56f0c5fd8.jpg|media/68250c6c-08af-4645-adef-b487c5aaf34a.jpg|media/e92146ea-cb8d-4e35-929d-ab1113601c83.mp4|media/1cd186eb-0d48-4ae3-bff6-a40691f44687.jpg
13276915359,"5 janv. 2025, 22:56:47",Pitite course du soir/ matin hehe,Course √† pied,,856,"3,00",,,false,,,activities/13276915359.gpx,,,856.0,856.0,3004.0,4.48,3.509,0.0,0.0,404.5,404.8,1.0,0.0,,,79.0,76.0,,,,,,,,,,,,,,,,,,,0.0,,0.0,,1.0,3005.6,,,,,,,,,,,,,,,,,,,,,,,,,,0.0,3.509,2718.6,,,,2160.0,,,,,3.511,,,,,,,,""
13418133650,"21 janv. 2025, 21:46:57",Course apr√®s la grimpe,Course √† pied,,1627,"5,00",,,false,,,activities/13418133650.gpx,,,1627.0,1627.0,5008.3,4.64,3.078,0.0,0.0,404.5,404.8,1.0,0.0,,,96.0,76.0,,,,,,,,,,,,,,,,,,,0.0,,0.0,,1.0,5011.1,,,,,,,,,,,,,,,,,,,,,,,,,,0.0,3.078,4528.2,,,,4128.0,,,,,3.08,,,,,,,,""
13493028828,"30 janv. 2025, 14:41:50",Ski rapido hehe,Ski alpin,,356,"3,06",,,false,,,activities/13493028828.gpx,,,356.0,243.0,3068.7,25.14,12.628,0.0,0.0,1161.3,1746.2,0.6,-19.1,,,,,,,,,,,,,,1,,,,,,,,,0.0,,0.0,,1.0,,,,,,,,,,,,,,,,,,,,,,,,,,,0.0,8.62,86.3,,,,,,,,,,,,,,,,,""
13511127794,"1 f√©vr. 2025, 08:41:44",Ski avoriaz avec la team building,Ski alpin,,25153,"66,04",,,false,,,activities/13511127794.gpx,,,25153.0,12742.0,66048.4,24.88,5.184,6213.3,6213.3,1491.4,2233.8,50.0,-0.4,,,,,,,,,,,,,,19,,,,,,,,,0.0,,0.0,,1.0,,,,,,,,,,,,,,,,,,,,,,,,,,,0.0,2.626,11295.8,,,,,,,,,,,,,,,,,media/0a3ed3c9-d7d8-499e-ad88-8727d86038fd.jpg|media/b89f667c-56fa-4448-99ae-c09229eb0c53.jpg|media/0fb65e24-6605-4b60-b944-750469fc35e9.jpg
13541266318,"3 f√©vr. 2025, 08:12:39",Mont√©e √† la cabane de Bertol,Ski de randonn√©e,Trop beau la vue depuis la cabane üòç,20586,"8,65",,,false,,,activities/13541266318.fit,,,20586.0,10492.0,8658.0,2.75,0.825,1323.0,9.0,1981.0,3311.2,50.0,15.4,,,,,,,,,,,20.0,,,,,,,,,,,,0.0,,0.0,,1.0,,,,,,,,,,,,,,,,,,,,,,,,,,,0.0,0.421,5477.0,,,,,,,,,,,,,,,,,media/7b40f687-6b29-4bd8-be49-cd927ad7079b.jpg|media/6896ba6f-ecf3-4a04-a7d2-4b355dd1093d.jpg|media/a9ea4737-57ce-4717-8ce3-48df295393ae.mp4|media/b9baeb24-8f20-4bc3-b95a-3c7c084d203b.mp4|media/b7ffea44-d0e1-43ac-b538-cf977d2db233.jpg|media/54e2e25e-f9a9-4dbe-89d2-7331d96a9bbd.jpg|media/cbbf747f-d6b3-4a3d-99c4-da196adfb7da.jpg|media/1b3e4bb5-2bbd-4f9c-9d0c-62f614bcd127.jpg
13541345504,"4 f√©vr. 2025, 08:25:00",Redescente √† Arolla,Ski de randonn√©e,Poudre/glace ‚Üí poudreglace,5229,"7,31",,,false,,,activities/13541345504.fit,,,5229.0,2089.0,7309.0,12.6,3.499,7.0,1349.0,1976.8,3325.2,33.3,-18.4,,,,,,,,,,,21.0,,,,,,,,,,,,0.0,,0.0,,1.0,,,,,,,,,,,,,,,,,,,,,,,,,,,0.0,1.398,3090.0,,,,,,,,,,,,,,,,,media/2bafc7ca-ed1d-43f7-a766-c5b85096b5e9.jpg|media/ffa765d9-77b0-4981-9d92-9ef7f32f8886.jpg|media/024a635a-cd61-4fe2-b416-825537ce226b.jpg|media/71f21e2b-4ab2-4781-8d43-bf37b56cad1f.mp4|media/d55a2542-497d-48a2-a468-f788a195a8a7.mp4
13634104606,"15 f√©vr. 2025, 14:51:49",Tout schuss,Ski alpin,"",58,"0,67",,,false,,,activities/13634104606.gpx,,,58.0,39.0,673.1,33.78,17.259,4.2,238.7,2516.7,2756.0,22.9,-34.6,,,,,,,,,,,,,,1,,,,,,,,,0.0,,0.0,,1.0,,,,,,,,,,,,,,,,,,,,,,,,,,,0.0,11.605,0.0,,,,,,,,,,,,,,,,,media/5f9a9203-2cdc-4e46-974f-6676b05710d1.mp4
13772730436,"2 mars 2025, 09:28:40",Petite rando sympa √† la Cassorte,Ski de randonn√©e,En vrai moi j'ai fait que 900m de dev parce que je suis parti du haut de la premi√®re remonter #magicpass haha,20674,"12,69",,,false,,,activities/13772730436.fit,,,20674.0,10334.0,12697.0,13.8,1.229,1333.0,1310.0,1976.0,3304.4,49.7,-0.1,,,,,,,,,,,18.0,,,,,,,,,,,,0.0,,0.0,,1.0,,,,,,,,,,,,,,,,,,,,,,,,,,,0.0,0.614,3515.0,,,,,,,,,,,,,,,,,media/360ec807-629f-4ff5-823f-4468e6c2a2c8.jpg|media/13e96e16-8237-4b7f-a591-0782ef951852.jpg|media/effbaaf1-12f9-4d7f-af57-beb07336bcc7.mp4|media/3dec65c3-9bbc-4ddd-9f6e-c35a4ee3dee1.jpg|media/aee79051-770f-420f-afe7-f96b8b970abd.mp4|media/074376e7-20e2-4fb8-b9de-48807d8b10cf.jpg|media/ebb78d14-1f3e-4c17-bd24-23c17e6ce503.jpg|media/1aaf83d6-d950-4fd7-b49d-a813a914ae7f.mp4
13836413076,"9 mars 2025, 14:54:49",Randonn√©e du dimanche,Randonn√©e,Bien pour d√©cuver,9959,"5,08",,,false,,,activities/14768165954.gpx.gz,,,9959.0,5545.0,5084.3,3.72,0.917,391.0,395.2,984.0,1343.0,48.1,-0.1,,,,,,,,,,,,,,,,,,,,,,,0.0,,0.0,,1.0,,,,,,,,,,,,,,,,,,,,,,,,,,,0.0,0.511,5029.6,,,,,,,,,,,,,,,,,""
13938858437,"20 mars 2025, 12:58:26",Random walk pas loin de la pointe de penne,Randonn√©e,"Promis la prochaine fois je prend les peaux üòÖ[strava://athletes/72708204/8]Matt√©o S  
Ps. La cr√™te √©tait incroyable, mais la neige √† pied quel enfer hehe",21514,"11,02",,,false,,,activities/13938858437.gpx,,,21514.0,12495.0,11026.4,6.96,0.882,1221.0,1220.9,1621.4,2710.1,50.0,0.0,,,109.0,53.0,,,,,,,,,,,,,,,,,,,0.0,,0.0,,1.0,,,,,,,,,,,,,,,,,,,,,,,,,,,0.0,0.513,9393.6,,,,15582.0,,,,,,,15582.0,,,,,,media/2a7fd0ef-535c-475b-b203-fffa6b97effe.jpg|media/ea9b940d-67e2-47aa-ab8e-3c87f1b1ee20.jpg|media/847fe3a9-5186-4b61-95a8-3feddeeaef62.jpg|media/b893d7a6-ba4f-419c-b088-804b6f4d2707.jpg|media/7633b929-befd-4b12-8cc8-cb910a374eb7.mp4|media/f4090db8-7457-4ce9-9d17-be74c7b0b2a8.jpg|media/798147fe-62da-4e7b-9d5b-dc675c6d47ab.jpg|media/2c3ffaf6-7692-4e05-ab27-8127e7a44bd9.mp4|media/132d83fc-4b00-475a-8469-85d54d5e95f4.jpg|media/e450ab78-c452-4210-8df5-5b593def9ef6.jpg
14006847873,"27 mars 2025, 07:05:48",Tentative de mont√©e jusqu'√† la Sale,Ski de randonn√©e,1000m de dev avec des sabots ca fait mal aux cuisses ,30756,"14,23",,,false,,,activities/14006847873.fit,,,30756.0,12303.0,14237.0,9.6,1.157,1546.4,541.0,1523.6,2976.4,50.0,0.0,,,,,,,,,,,,,,,,,,,,,,,0.0,,0.0,,1.0,,,,,,,,,,,,,,,,,,,,,,,,,,,0.0,0.463,4035.7,,,,,0.0,,,,,,,,,,,,media/4655e768-f47e-481a-9522-c972bc683100.jpg|media/d4884767-03e5-4c2d-9c92-af8acb1d784a.jpg|media/cd8da032-e42c-41eb-a7ca-0e932185d0f7.jpg|media/ec79fe74-45c9-4c91-a5fa-a37c6713e459.mp4|media/973b8ed6-3e70-4d89-b5c3-b35bf3919d38.jpg|media/2858ce5c-aef2-4df4-9dba-bd590a866b1d.mp4
14078933515,"4 avr. 2025, 08:39:48",Ski zermatt  les autos proclam√© loulou +Levi,Ski alpin,"",25910,"83,59",,,false,,,activities/14078933515.gpx,,,25910.0,15315.0,83598.8,28.74,5.459,8044.9,8044.9,1623.6,3800.1,50.0,-0.8,,,,,,,,,,,,,,16,,,,,,,,,0.0,,0.0,,1.0,,,,,,,,,,,,,,,,,,,,,,,,,,,0.0,3.227,29858.5,,,,,,,,,,,,,,,,,""
14087847591,"5 avr. 2025, 10:25:20",Petit via √† saillon,Randonn√©e,"",10597,"6,56",,,false,,,activities/14087847591.fit,,,10597.0,5967.0,6567.0,6.8,1.101,424.0,401.0,476.8,889.2,49.8,0.2,,,,,,,,,,,26.0,,,,,,,,,,,,0.0,,0.0,,1.0,,,,,,,,,,,,,,,,,,,,,,,,,,,0.0,0.62,4802.0,,,,,0.0,,,,,,,,,,,,media/ac62e498-6596-4532-a81c-e77e2f575578.jpg|media/dff7ddbd-ae76-46b2-8910-878c55d628d3.mp4|media/c89bbb02-8b31-4ee4-81bd-1859c222bf14.mp4
14284280339,"25 avr. 2025, 13:50:13",Faut bien faire quelque chose pendant ces vacances,V√©lo,Le vent √ßa souffle,15412,"75,21",,,false,,,activities/14284280339.gpx,,,15412.0,10026.0,75215.6,13.34,7.502,421.3,421.3,374.9,502.7,7.6,-0.1,,,,,,,,,,,,,,,,,,,,,,,0.0,,0.0,,1.0,,,,,,,,,,,,,,,,,,,,,,,,,,,0.0,4.88,2015.3,,,,,,,,,,,,,,,,,media/db03e260-f8d2-4814-b7c0-57fa45814f62.jpg|media/9b359a9f-0e5f-40b6-aa23-2517e544a0d3.jpg
14444176502,"10 mai 2025, 10:01:57",Tour d'ai pour r√©cup de bal√©lec,Randonn√©e,"",18026,"11,21",,,false,,,activities/14444176502.fit,,,18026.0,9955.0,11215.0,3.0,1.127,937.0,970.0,1477.4,2329.8,49.9,0.0,,,,,,,,,,,23.0,,,,,,,,,,,,0.0,,0.0,,1.0,,,,,,,,,,,,,,,,,,,,,,,,,,,0.0,0.622,7801.0,,,,,0.0,,,,,,,,,,,,media/33d02478-80ea-44a6-8fa5-96b5838643d9.jpg|media/8f5a1017-0e70-4ad9-b15a-3dceeda4adbc.jpg|media/eb9e4d6c-19c8-4544-aeff-fe01be044988.jpg
14714168882,"6 juin 2025, 11:14:29",Pas aujourd'hui la via,Randonn√©e,"C'est pas gentil d'avoir enlev√© le cable de la via en vr√© üò¨ 
Ps: je sais pas ce que strava a fum√© mais j'ai jamais fais 800 de d+ haha",9423,"6,80",,,false,,,activities/14714168882.gpx,,,9423.0,4736.0,6801.8,4.7,1.436,826.6,1671.2,1419.8,2332.1,50.0,-13.3,,,110.0,61.0,,,,,,,,,,,,,,,,,,,0.0,,0.0,,1.0,,,,,,,,,,,,,,,,,,,,,,,,,,,0.0,0.722,6139.8,,,,7856.0,,,,,,,7856.0,,,,,,media/43eea7ad-5fc4-4f95-83d8-d15b24472649.jpg|media/d6334cae-b52a-41ea-93ba-fbced089c234.jpg|media/59581a9a-4fbf-4a42-b077-0befacfd6d42.jpg|media/ab355172-02cf-4ee5-9bec-585b65bbec72.mp4|media/1943194c-8792-439f-bf27-04c187d112a2.jpg
14748177523,"8 juin 2025, 08:56:28",Petite ar√™te histoire de bosser la technique,Randonn√©e,Par contre j'ai chop√© la cr√®ve avec ce vent üò¨,22344,"7,25",,,false,,,activities/14748177523.fit,,,22344.0,6466.0,7258.0,2.8,1.122,912.0,928.0,1477.2,1874.2,50.0,0.1,,,,,,,,,,,22.0,,,,,,,,,,,,0.0,,0.0,,1.0,,,,,,,,,,,,,,,,,,,,,,,,,,,0.0,0.325,6594.5,,,,,0.0,,,,,,,,,,,,media/b99e8d15-bad3-40c5-96a2-556f952f7b59.jpg|media/ee3099ec-eabb-41bd-9bf2-369fed391f39.jpg|media/023c03f2-9b03-43bb-9b53-dec0d3e7de3e.jpg|media/0f655a98-b180-4a0e-9a89-4b2d35d13316.mp4|media/474af64d-cab9-44da-87b4-f93718152d39.jpg
14834142206,"17 juin 2025, 21:04:21",Balade nocturne,Randonn√©e,"",14276,"11,78",,,false,,,activities/14834142206.gpx,,,14276.0,10745.0,11788.2,2.46,1.097,1534.6,14.6,566.2,2094.8,50.0,12.9,,,78.0,49.0,,,,,,,,,,,,,,,,,,,0.0,,0.0,,1.0,,,,,,,,,,,,,,,,,,,,,,,,,,,0.0,0.826,3259.5,,,,17882.0,,,,,,,17882.0,,,,,,media/f633ca68-4054-44dd-86f4-54756cfd0899.jpg|media/0a4e3b0d-7699-480e-af48-476aa1c1bdf6.jpg|media/6c74f7a8-3697-447e-b82a-1798ddd2fad9.jpg|media/80fa3fb8-100d-4b24-aaff-28d5dbc0b113.jpg
14839029399,"18 juin 2025, 08:33:51",Rando grisons: Haldensteiner Calanda,Randonn√©e,"",18652,"12,61",,,false,,,activities/14839029399.gpx,,,18652.0,12177.0,12614.7,6.44,1.036,797.6,1963.2,953.7,2757.6,50.0,-9.2,,,121.0,55.0,,,,,,,,,,,,,,,,,,,0.0,,0.0,,1.0,,,,,,,,,,,,,,,,,,,,,,,,,,,0.0,0.676,11040.7,,,,16992.0,,,,,,,16992.0,,,,,,media/9551fab3-5200-4088-a689-0a26ab3d925d.jpg|media/551b8675-0a62-49a8-89de-072d1ee015e8.jpg|media/a3962364-c8c0-489f-8971-fc0a3b2e12b5.jpg|media/d26b4f1e-56f3-4f59-9e0c-9edc7d2d96a7.jpg|media/24f3e556-0540-4506-ad06-6d2b3924a5dd.mp4
14913809183,"25 juin 2025, 15:42:05",Bivouac sous le Barrhorn ( et la pluie),Randonn√©e,"",6446,"4,23",,,false,,,activities/15918137649.gpx.gz,,,6446.0,5059.0,4236.4,1.479,0.837,674.6,104.6,2076.6,2653.8,49.8,13.5,,,,,,,,,,,,,,,,,,,,,,,0.0,,0.0,,1.0,,,,,,,,,,,,,,,,,,,,,,,,,,,0.0,0.657,4236.4,,,,,,,,,,,,,,,,,media/fd82f394-8e94-4780-8297-e2ece73d217f.jpg|media/558b7efb-829c-41f1-b7a4-f1268b0a6e8f.jpg|media/34ad4788-41a6-48d0-adef-3f1b1196a4cf.mp4|media/5a244276-778d-4418-9c78-c48de283c060.jpg|media/e69b5d47-a887-40e0-85fa-c5ec4af04092.jpg|media/9a019422-07b8-49b3-b945-c6b15714ba24.jpg
14941563645,"28 juin 2025, 06:09:12",Les imposteurs √† Cervina,Randonn√©e,"",22887,"17,62",,,false,,,activities/15948470557.gpx.gz,,,22887.0,13166.0,17628.3,3.626,1.339,1435.2,1420.2,1881.0,3269.0,49.7,0.7,,,,,,,,,,,,,,,,,,,,,,,0.0,,0.0,,1.0,,,,,,,,,,,,,,,,,,,,,,,,,,,0.0,0.77,16467.7,,,,,,,,,,,,,,,,,media/c2170c3c-70b2-41bc-887f-3dc61b533f7f.mp4|media/13e051cd-2d26-4714-a749-c3bdf3ec375a.jpg|media/fe41c847-67cc-41a2-8234-734b92ba4195.jpg
14956934843,"29 juin 2025, 10:54:33",Mont√©e √† la t√™te de licony,Randonn√©e,Sympa la vue sur le mt blanc,35382,"12,68",,,false,,,activities/15965321175.gpx.gz,,,35382.0,15310.0,12680.7,3.81,0.828,1506.8,1505.1,1383.9,2882.3,49.7,0.0,,,,,,,,,,,,,,,,,,,,,,,0.0,,0.0,,1.0,,,,,,,,,,,,,,,,,,,,,,,,,,,0.0,0.358,12680.7,,,,,,,,,,,,,,,,,media/da006502-7438-485b-b9b6-d49d0f7ed1d6.jpg|media/ca5c44f3-78bb-4737-af20-a4b8a1b9c033.jpg|media/167d02dd-c20f-4b27-a7ba-392a1aedf4d4.jpg
14977397616,"1 juil. 2025, 20:09:18",Rando nocturne en claquettes,Randonn√©e,"",2715,"1,88",,,false,,,activities/15987837406.gpx.gz,,,2715.0,2153.0,1881.1,1.715,0.874,311.4,94.4,14.6,234.2,49.4,11.6,,,,,,,,,,,,,,,,,,,,,,,0.0,,0.0,,1.0,,,,,,,,,,,,,,,,,,,,,,,,,,,0.0,0.693,1881.1,,,,,,,,,,,,,,,,,media/91fb5d7e-ead2-4b34-9c0d-147b99878230.mp4|media/b6b39448-b330-46b0-8fcb-07388441f030.jpg|media/92690c96-c5aa-4d04-a664-41daa4276db2.jpg|media/bd6ebda6-d311-47d3-9d57-1c265edd79e1.mp4|media/0c04b607-64d7-465f-b429-89afaf8df0b4.mp4
14986870840,"2 juil. 2025, 09:48:12",Via ferrata un peu orageuse,Randonn√©e,"",32693,"11,22",,,false,,,activities/15998276597.gpx.gz,,,32693.0,12300.0,11223.7,2.592,0.912,1319.6,1300.4,1574.2,2793.6,49.7,0.2,,,,,,,,,,,,,,,,,,,,,,,0.0,,0.0,,1.0,,,,,,,,,,,,,,,,,,,,,,,,,,,0.0,0.343,11210.4,,,,,,,,,,,,,,,,,media/8b5fd16c-205b-43ee-8d24-0420f0353b33.mp4
15071482216,"9 juil. 2025, 20:56:36",Petit Monviso,Randonn√©e,C'est 2500m hop,78092,"20,10",,,false,,,activities/16091314839.gpx.gz,,,78092.0,22153.0,20099.3,3.435,0.907,2223.2,2100.5,1593.2,3715.5,49.7,0.0,,,,,,,,,,,,,,,,,,,,,,,0.0,,0.0,,1.0,,,,,,,,,,,,,,,,,,,,,,,,,,,0.0,0.257,19292.9,,,,,,,,,,,,,,,,,media/43b3a3c5-141b-4d1b-8e5b-17fcfa242f1f.jpg|media/75cb1ebf-0ac1-4a5a-83ff-6e8a52dfdfb3.mp4|media/65bda74a-79d9-4ef6-a060-eb6ad13ad050.jpg|media/7a52b8d0-9b9b-4c63-8235-e2f9781f683f.jpg|media/363c9997-8314-4a9f-b168-3f76960286c8.jpg|media/5f46ff31-ac56-423c-a3aa-b744a123c75f.jpg|media/c48c2c71-6a99-4768-a046-ca3c1c5b1e58.jpg|media/01c4720b-6b80-4188-bc69-f12b6ac1e11a.jpg|media/53250b58-9ccf-404f-a44f-285f61f5d644.jpg
15092763491,"12 juil. 2025, 08:16:24",Le Pleureur,Randonn√©e,"Les nouvelles chaussures sont top!
( Le sommet est √† 3704, strava d√©conne encore)",28460,"15,30",,,false,,,activities/15092763491.fit,,,28460.0,16884.0,15308.0,11.0,0.907,1890.0,1881.0,1863.4,3701.4,50.0,0.0,,,,,,,,,,,24.0,,,,,,,,,,,,0.0,,0.0,,1.0,,,,,,,,,,,,,,,,,,,,,,,,,,,0.0,0.538,12877.2,,,,,0.0,,,,,,,,,,,,media/c840cfdd-691d-473f-b8bf-eb19c0896f47.jpg|media/35a9c408-55c6-49f5-99fd-93e223b8af25.jpg|media/eb2568cc-cb1e-40ae-90c5-ee1453bc5e95.jpg|media/0a6896a8-ab6c-43f0-85e7-76a347f3ab7d.mp4|media/f3fd8580-bf8f-49e3-b6fe-5158a0f33853.jpg|media/4d0097f6-03fc-444e-b287-a232b18b1284.mp4|media/01fc0a95-e0bc-4667-985e-a26defba2f25.jpg|media/1ca6c101-4ce3-4562-a9ac-eba1d858130c.jpg|media/7a01e053-8c33-4c5a-9573-027c83522b42.jpg|media/f5e2ebd5-4278-4ffb-a0b5-fa4b963accbd.mp4
15146203828,"17 juil. 2025, 13:17:45",Via de charmey avec Rakuniel,Randonn√©e,"",12779,"7,04",,,false,,,activities/15146203828.gpx,,,12779.0,4692.0,7041.3,4.92,1.501,487.1,1142.7,876.1,1736.7,50.0,-9.8,,,138.0,67.0,,,,,796.0,,,,,,,,,,,,,,0.0,,0.0,,1.0,,,,,,,,,,,,,,,,,,,,,,,,,,,0.0,0.551,5877.6,,,,8092.0,,,,,,,8092.0,,,,,,media/e070bfe1-53c4-44ac-a4f2-af1ec3d38217.jpg|media/b4016993-93e8-4764-8983-0ecb7e4c0004.mp4|media/ef67a650-e204-4f5c-a087-534ec6b4113d.jpg|media/effdac51-4ba8-45b9-9fc7-af15fc7ba18c.jpg
15167836980,"19 juil. 2025, 15:11:48",Balade du dimanche avec les papis,Randonn√©e,"",6029,"4,50",,,false,,,activities/15167836980.gpx,,,6029.0,3869.0,4505.5,7.96,1.165,270.0,294.1,1282.3,1577.6,49.0,-0.5,,,98.0,52.0,,,,,,,,,,,,,,,,,,,0.0,,0.0,,1.0,,,,,,,,,,,,,,,,,,,,,,,,,,,0.0,0.747,1993.9,,,,5958.0,0.0,,,,,,5958.0,,,,,,media/c37823e3-a162-4a9a-8dfd-75b2dd8fa4e9.jpg|media/40baec7d-6383-4c83-b9c2-02072935832b.jpg
15258581941,"27 juil. 2025, 21:59:54",Balade du dimanche √† 4800m,Randonn√©e,La vue √©tait D√âBILE !!,4215,"2,62",,,false,,,activities/15258581941.gpx,,,4215.0,2112.0,2620.2,4.84,1.241,253.5,254.7,4579.5,4804.0,50.0,0.0,,,113.0,60.0,,,,,,,,,,,,,,,,,,,0.0,,0.0,,1.0,,,,,,,,,,,,,,,,,,,,,,,,,,,,0.622,2620.2,,,,3690.0,0.0,,,,,,3690.0,,,,,,media/94a238b9-2e3e-464f-9279-40fb1eb96108.jpg|media/0cdc0f3d-12d9-4d45-90f1-101607e2cde1.jpg|media/68b96c81-1862-4ccf-9aaa-ea2e3ed43392.jpg|media/3eb3692e-061c-436e-8c3c-b9fdcd2a673f.mp4|media/76412a19-40e8-4ca3-a0bc-9c5ddd73c211.jpg|media/69c5287b-6934-416b-badb-a9fb6cfff17d.jpg
15266665263,"28 juil. 2025, 14:00:51",Vinicunca,Randonn√©e,"Les n√©gociations avec la dame se sont mal pass√©e 
(Bonus premier 5000m)",13154,"8,28",,,false,,,activities/15266665263.gpx,,,13154.0,7489.0,8286.8,3.66,1.107,498.7,499.9,4636.5,5015.7,50.0,0.0,,,120.0,53.0,,,,,937.0,,,,,,,,,,,,,,0.0,,0.0,,1.0,,,,,,,,,,,,,,,,,,,,,,,,,,,,0.63,8286.8,,,,12146.0,0.0,,,,,,12146.0,,,,,,media/ef4328d8-0b1f-46f1-abc8-5af0e3d91bda.jpg|media/2ba5fedd-5d0d-41ab-b47f-1903bd759c29.jpg|media/4cfa9796-9e0d-455e-8308-0d1be093c862.jpg|media/5863a1a0-1316-43ef-9614-7294d4108480.jpg|media/7d0b7fb8-b59f-4c68-9f4e-22ae26e298e1.jpg|media/1c856be9-abb9-4c6f-aa47-09f9572014b7.jpg
15280867083,"29 juil. 2025, 22:04:17",Avant Picchu,Randonn√©e,"",5103,"6,62",,,false,,,activities/15280867083.gpx,,,5103.0,4752.0,6626.3,2.79,1.394,149.6,0.0,1787.2,1936.9,44.4,2.3,,,83.0,54.0,,,,,,,,,,,,,,,,,,,0.0,,0.0,,1.0,,,,,,,,,,,,,,,,,,,,,,,,,,,,1.299,6626.3,,,,8148.0,0.0,,,,,,8148.0,,,,,,media/2eaff9bf-7b6c-46db-bd2b-c651dd080b6a.mp4|media/c13e0c15-ea55-4bda-ab43-05a978d8155f.jpg|media/f5f315e3-b0f1-444d-83d8-d5917c1d271d.jpg|media/06955157-7c0f-455b-b2fe-04706212df5c.jpg|media/b32db7e9-c51e-400c-b943-3fdb0e89b0eb.mp4
15291241379,"30 juil. 2025, 10:41:46",Machtu Picchtu,Randonn√©e,"",35099,"19,07",,,false,,,activities/15291241379.gpx,,,35099.0,16169.0,19073.6,5.453,1.18,916.6,1080.0,1786.7,2472.0,50.0,-0.8,,,107.0,54.0,,,,,2156.0,,,,,,,,,,,,,,0.0,,0.0,,1.0,,,,,,,,,,,,,,,,,,,,,,,,,,,,0.543,17496.3,,,,27884.0,0.0,,,,,,27884.0,,,,,,media/a314c114-94bb-44a3-8f2f-c79d2789f21d.mp4|media/04b98e58-4ff6-439f-8e5a-273bf633f173.jpg|media/16f79992-c2a0-4951-b0c4-6a250a974381.jpg|media/5290ec29-2b0a-4930-b999-b1e8d99f25ec.jpg|media/988a6535-b8f8-4a6e-93dd-cd32298310e7.jpg|media/05fd6809-3106-4ddf-b82a-f772bc014cd6.jpg|media/9964148a-2909-4fa9-93d4-bb74d99e3702.jpg|media/c80624bf-367d-4ed8-b2da-327c1750542f.mp4
15379828119,"5 ao√ªt 2025, 15:28:03",Trek Santa Cruz (1/3),Randonn√©e,"",24698,"17,52",,,false,,,activities/15379828119.gpx,,,24698.0,16606.0,17522.6,3.38,1.055,1194.5,283.5,3417.5,4586.5,48.6,5.2,,,95.0,48.0,,,,,1981.0,,,,,,,,,,,,,,0.0,,0.0,,1.0,,,,,,,,,,,,,,,,,,,,,,,,,,,,0.709,17522.6,,,,25666.0,0.0,,,,,,25666.0,,,,,,media/1c8c8a6b-5fbf-4393-bdb7-a60b05a14e89.jpg|media/e202e8b3-6105-4ec7-a426-4259653c125c.jpg|media/e25b4000-82e3-4004-bd32-13df0d78e385.jpg|media/05328bfb-4e81-462e-88c0-a580b01cdb99.jpg|media/b8122405-57bc-4b27-9575-a7c00ae5b863.mp4|media/3e4f8fb8-7263-4c49-bcd3-d86a61357b18.mp4
15379830123,"6 ao√ªt 2025, 13:32:09",Trek Santa Cruz (2/3),Randonn√©e,"",32667,"21,16",,,false,,,activities/15379830123.gpx,,,32667.0,18584.0,21164.6,7.27,1.139,549.6,1286.2,3854.0,4755.1,50.0,-3.5,,,88.0,53.0,,,,,2392.0,,,,,,,,,,,,,,0.0,,0.0,,1.0,,,,,,,,,,,,,,,,,,,,,,,,,,,,0.648,20894.7,,,,32002.0,0.0,,,,,,32002.0,,,,,,media/1705bb4c-c307-42f3-990b-e7f1c52b27ab.jpg|media/758e66c8-d2b9-4342-ae6f-4568f2c3a3cc.jpg|media/a6edb399-e28b-4e26-b070-d8648189bcf1.mp4|media/b6be8b3f-6b30-48e5-8e56-4e4ef716cfe7.jpg|media/19feb3bf-51f1-40ec-a710-445b3d06c2de.jpg|media/1d67914d-e5e4-4151-8412-c90d8b5ad41f.mp4|media/41e4beaf-62e7-4897-8127-883bd8979083.mp4|media/7935a170-c18c-4966-bac5-be84d4298e2c.jpg|media/ea514357-e20d-4b3d-b2dd-078e3e9720f7.jpg|media/87d5cdd6-030c-4887-b57e-5996dad92f3e.mp4
15379830407,"7 ao√ªt 2025, 13:10:08",Trek Santa Cruz (3/3),Randonn√©e,"",16714,"14,67",,,false,,,activities/15379830407.gpx,,,16714.0,11205.0,14670.9,13.02,1.309,58.7,983.1,2930.0,3857.5,48.6,-6.3,,,104.0,55.0,,,,,1658.0,,,,,,,,,,,,,,0.0,,0.0,,1.0,,,,,,,,,,,,,,,,,,,,,,,,,,,,0.878,14670.9,,,,19466.0,0.0,,,,,,19466.0,,,,,,media/36261ed7-d737-4c37-bbe6-085a819c1d55.jpg|media/55eb0a34-13e2-44b4-8b01-34301f08d1e0.jpg|media/8d635814-5b9a-4e1c-8f80-cb273776145c.jpg
15454721183,"14 ao√ªt 2025, 06:39:41",Hop la via de Leuk,Randonn√©e,"Oui strava fait n'importe quoi hehe, ( j'ai moins de la moiti√© du dev annonc√©)",14782,"17,65",,,false,,,activities/15454721183.gpx,,,14782.0,8287.0,17654.0,33.256,2.13,2915.6,2772.3,1319.3,2890.0,50.0,-0.2,,,119.0,60.0,,,,,1996.0,,,,,,,,,,,,,,0.0,,0.0,,1.0,,,,,,,,,,,,,,,,,,,,,,,,,,,,1.194,9893.4,,,,12626.0,0.0,,,,,,12626.0,,,,,,media/dc2fbb36-ab0f-457d-a40b-2fcbbbc90b20.jpg|media/a0584d2a-b320-41bb-9a9b-2135e89a36eb.jpg|media/495f6f5c-bef9-49f4-a1b4-f407de4a3b95.jpg|media/3614215f-b082-4024-a4f8-97c81a9ae1cf.mp4|media/5a773c4a-2fbc-49ed-9432-ffa289527af4.mp4|media/92adef49-5274-4a34-9fb1-ab062eccb72d.jpg|media/e8da8ff0-dc8e-49f2-99dd-5c4691a6df60.jpg|media/0d59c94b-ca60-4342-b252-31739736e1e6.mp4
15813871838,"14 sept. 2025, 07:56:03",Petite roulade du dimancheavec Philippe,V√©lo,"",18260,"66,58",,,false,,,activities/15813871838.fit,,9.0,18260.0,12340.0,66586.4,11.257,5.396,423.0,635.0,372.6,470.6,26.1,-0.1,,,,,,,,84.0,1552.0,,,,,,,,,,,,,,,,0.0,,1.0,,,,,,,,,,,,,,,,,,,,,,,,,,,,3.647,660.1,,,,,0.0,,,,,,,0.0,,,,,media/07c5079c-bc97-4fce-ba3e-0f5fd01a1d55.jpg|media/efb0eea5-8ae7-499a-a8ca-fcb0161e14ad.jpg|media/6b1881f8-c116-44ad-af43-8cde1ffe4489.jpg
15876003289,"20 sept. 2025, 07:46:27",Petit via au jegihorn,Randonn√©e,"",18976,"10,80",,,false,,,activities/15876003289.gpx,,,18976.0,9825.0,10808.6,4.56,1.1,1429.4,1431.3,2097.1,3130.5,50.0,0.0,,,113.0,55.0,,,,,1222.0,,,,,,,,,,,,,,0.0,,0.0,,1.0,,,,,,,,,,,,,,,,,,,,,,,,,,,,0.57,9375.3,,,,13258.0,0.0,,,,,,13258.0,,,,,,media/d0c88314-fc97-4c43-a089-2234cfac3a9b.jpg|media/8ae7672a-80df-4504-9fd2-eb58fcc9accd.jpg|media/01548561-b26f-42b7-8c1e-526750083844.jpg|media/9d56a060-c412-45ad-84cf-1aaff600e656.mp4
15965950621,"28 sept. 2025, 07:42:48",Presque fait une ar√™te au dessus d'Emosson,Randonn√©e,Avec un L√©o en bonus,20683,"13,21",,,false,,,activities/15965950621.fit,,,20683.0,12174.0,13218.0,10.0,1.086,877.0,858.0,1948.8,2706.2,49.9,0.1,,,,,,,,,1494.0,,25.0,,,,,,,,,,,,0.0,,0.0,,1.0,,,,,,,,,,,,,,,,,,,,,,,,,,,,0.639,12873.0,,,,,0.0,,,,,,,0.0,,,,,media/028c6649-11a5-45e6-83dc-958f3c8135b5.jpg|media/9273a494-3e1d-4b18-a21b-41a6da307eb1.jpg|media/07fe211f-e648-4bd1-97ba-6111f988a805.jpg|media/4982f9d3-b7a2-4f24-8e96-7a7ba8968d46.jpg
15999918186,"1 oct. 2025, 12:09:06",Balade de chomeur au dessus d'Aletsh,Randonn√©e,"",13187,"11,15",,,false,,,activities/15999918186.gpx,,,13187.0,9455.0,11150.1,4.9,1.179,967.6,683.3,1931.3,2850.2,50.0,2.6,,,118.0,58.0,,,,,1969.0,,,,,,,,,,,,,,0.0,,0.0,,1.0,17421.5,,,,,,,,,,,,,,,,,,,,,,,,,,,0.846,9698.1,,,,12796.0,0.0,,,,1.612,,12796.0,0.0,,,,,media/945ed123-9810-4405-9032-0cfcc7006192.jpg|media/470670c3-aa44-4944-9f3f-0ebf017cc5c8.jpg|media/7fe2055c-c130-44b8-931e-3a84c345dd10.mp4|media/431c00a4-eba1-4f68-91eb-7a66def77952.jpg|media/5b0a371a-5811-4c1d-93cc-5737033c6094.jpg|media/d9a331e5-5850-415f-9724-886d61ef6557.jpg|media/a7cde60e-5736-4ef8-8cd4-258a0fb613fa.jpg|media/21cbb360-cc5a-4762-a116-57bbaac2cc70.mp4
16022930570,"3 oct. 2025, 10:44:13",Plus long cette fois hehe,Randonn√©e,"",28649,"14,49",,,false,,,activities/16022930570.gpx,,,28649.0,13491.0,14493.7,7.211,1.074,2807.3,3837.7,1419.5,2894.3,50.0,-6.3,,,112.0,55.0,,,,,1638.0,,,,,,,,,,,,,,0.0,,0.0,,1.0,,,,,,,,,,,,,,,,,,,,,,,,,,,,0.506,12616.0,,,,22034.0,0.0,,,,,,22034.0,0.0,,,,,media/a96f7f34-0f08-4831-a877-28077eec50c1.jpg|media/a3cfcf2f-408b-4bee-afb0-dd1ab7cebe62.jpg|media/00029dfb-b69c-404e-925a-da775f51d794.jpg|media/531630bb-4ac5-4455-b6da-9224d84f1415.jpg|media/6c1bb1ae-f609-4033-b08f-ef21d49e5e6f.jpg|media/29621bcb-6a5f-453c-aa0d-f1f926d19e9c.mp4|media/0c97820d-79fb-4c5b-a823-b3d6811c6bd0.mp4|media/f79a33d0-eb8e-4701-ba3c-a54d1bc53385.jpg
16042902533,"5 oct. 2025, 10:54:18",Ballade de papy,Randonn√©e,"",14310,"8,75",,,false,,,activities/16042902533.gpx,,,14310.0,7072.0,8753.3,7.315,1.238,433.2,445.5,1248.5,1603.1,42.5,0.1,,,95.0,53.0,,,,,989.0,,,,,,,,,,,,,,0.0,,0.0,,1.0,,,,,,,,,,,,,,,,,,,,,,,,,,,,0.612,5037.8,,,,14458.0,0.0,,,,,,14458.0,,,,,,media/a22a0e1f-94b3-4c8c-9fd9-829039d69bb2.jpg|media/d79af8e0-0f72-4c88-b2be-9ae71a651507.jpg|media/c03f9cac-728b-4af3-8861-595abd1ba02a.jpg
16151602425,"12 oct. 2025, 13:43:56",Cabane almagelhutte,Randonn√©e,"",10985,"6,34",,,false,,,activities/16151602425.fit,,,10985.0,8953.0,6340.0,3.667,0.708,1174.0,6.0,1706.0,2875.2,50.0,18.4,,,,,,,,,717.0,,22.0,,,,,,,,,,,,0.0,,0.0,,1.0,,,,,,,,,,,,,,,,,,,,,,,,,,,,0.577,6340.0,,,,,0.0,,,,,,,0.0,,,,,media/b7b91aeb-11cc-454a-ba9a-d43c4b3fb555.jpg|media/ed6d710d-acc8-4afa-8d7f-a8a9cde5d26f.jpg|media/d60d034c-47e4-4bd8-a1dd-60f763cdfb08.jpg|media/d88ea59b-250a-4a71-adb9-a5defce72566.jpg|media/e1452705-8d44-4f2a-bd3b-78906de7954d.jpg|media/b47363fc-ddba-4171-9e0e-bf8156f88a8d.jpg
16151655323,"13 oct. 2025, 04:41:27",Weissmies ü§©,Randonn√©e,Par l'arr√™te sse et descente sur le glacier ( premier 4000m en Suisse),32385,"9,79",,,false,,,activities/16151655323.fit,,,32385.0,13397.0,9790.0,11.6,0.731,1137.0,1465.0,2410.8,3996.4,50.0,-4.9,,,,,,,,,1107.0,,23.0,,,,,,,,,,,,0.0,,0.0,,1.0,,,,,,,,,,,,,,,,,,,,,,,,,,,,0.302,9790.0,,,,,0.0,,,,,,,0.0,,,,,media/83ec8f01-10ab-4cd1-b316-12f8abd145cf.jpg|media/a8240920-bc92-43f9-a885-1d1832adbd0f.mp4|media/0fc0d3ec-8f66-4e3e-a5b3-3509e404e79b.jpg|media/6c2a78c4-4bcc-440e-a603-27c8be31ad0f.jpg|media/7f743987-d4e3-4fd3-99a6-a3a8a72a12aa.jpg|media/84192317-7f5f-4140-a48d-8d74ea5726df.jpg|media/57f0a004-54af-49c1-8dda-f48fd96a3f09.jpg|media/4a1f8d92-a6a7-4474-b292-50991ba2575f.jpg|media/89bf6b14-1efc-4b1b-9234-d1c755e22524.jpg|media/5502bd5b-590e-4260-8efc-d2f752f6c9b3.jpg|media/89af6784-8f8c-4c35-9860-130d75b0144f.jpg|media/c5c1dac2-d139-4c78-acff-6e3284e758e5.jpg|media/d5a05ac4-c161-47b8-aecc-b3ce83763618.jpg|media/7226351c-5846-4a24-9dd4-74bc6bc7a969.jpg|media/01f7f08f-2135-4ad4-b1f4-6897927e0fd1.jpg|media/f899f593-dfd9-4164-bcc5-dcdd7add2d36.jpg|media/e6213af2-d1fd-4042-aaca-35c0ad5bd163.jpg|media/242c15e1-9aba-44b2-9a6d-436fb5590537.jpg|media/1eb0cae2-5018-4c37-b28a-3c7659367896.jpg|media/37b1369b-1f39-4b4a-9bab-917ecf1957ec.jpg
16151842570,"13 oct. 2025, 13:53:46",Fin de rando en trotinette,V√©lo,"",2432,"10,65",,,false,,,activities/16151842570.fit,,9.0,2432.0,1647.0,10655.0,13.4,6.469,0.0,822.0,1568.6,2394.2,11.4,-7.7,,,,,,,,13.0,23.0,,26.0,,,,,,,,,,,,,,0.0,,1.0,,,,,,,,,,,,,,,,,,,,,,,,,,,,4.381,5894.0,,,,,0.0,,,,,,,0.0,,,,,media/32dd5099-1c1b-4507-ba7e-ebd4f62269ab.jpg|media/c81817f3-0a8a-4f41-95ae-73cce5fbf296.mp4|media/92970f87-74c6-40d8-ac09-1141cf947cbe.jpg|media/fd3ce553-eadf-49b6-bdcf-a3d557f2a225.jpg
16187640609,"19 oct. 2025, 06:15:58",Grimpe mais √ßa marche pas avec strava,Randonn√©e,"",7475,"2,53",,,false,,,activities/16187640609.gpx,,,7475.0,3477.0,2538.5,3.84,0.73,512.6,295.4,677.0,916.4,49.2,8.8,,,74.0,45.0,,,,,287.0,,,,,,,,,,,,,,0.0,,0.0,,1.0,,,,,,,,,,,,,,,,,,,,,,,,,,,,0.34,949.3,,,,3048.0,0.0,,,,,,3048.0,,,,,,""
16413985772,"10 nov. 2025, 10:21:14",Petite rando √† saint cul,Randonn√©e,"",12016,"10,66",,,false,,,activities/16413985772.gpx,,,12016.0,8910.0,10668.9,2.92,1.197,679.6,709.1,1654.0,2358.2,50.0,-0.2,,,91.0,54.0,,,,,1206.0,,,,,,,,,,,,,,0.0,,0.0,,1.0,,,,,,,,,,,,,,,,,,,,,,,,,,,,0.888,9994.0,,,,15316.0,0.0,,,,,,15316.0,0.0,,,,,media/2afde91b-ce62-43f7-842f-cfb85c2b4663.jpg
16659037217,"5 d√©c. 2025, 17:43:34",Plus rapide que les suppressions de trains haha,Marche,"",2260,"3,91",,,false,,,activities/16659037217.gpx,,,2260.0,2124.0,3912.6,3.04,1.842,19.8,22.5,379.0,395.9,5.8,-0.1,,,74.0,60.0,,,,,442.0,,,,,,,,,,,,,,0.0,,0.0,,1.0,,,,,,,,,,,,,,,,,,,,,,,,,,,,1.731,0.0,,,,4364.0,0.0,,,,,,,,,,,,media/dabf90a2-a244-4206-91cf-15908b35ff58.jpg
